id,title,description,availability,condition,price,link,image_link,brand,google_product_category,fb_product_category,quantity_to_sell_on_facebook,sale_price,sale_price_effective_date,item_group_id,gender,color,size,age_group,material,pattern,shipping,shipping_weight,offer_disclaimer,offer_disclaimer_url,video[0].url,video[0].tag[0],gtin,product_tags[0],product_tags[1],style[0]
GVn04,"Venice Covered Serving Pot 22,5cm","Venice Covered Serving Pot 22,5cm is a premium serving piece designed for elegant dining experiences and professional table presentations. It adds prestige and luxury to any table setting. Its spacious 22,5cm size is ideal for serving hot dishes, main courses, and gourmet presentations in style. The covered design helps maintain food temperature while offering a hygienic and elegant serving experience. Perfect for luxury hotels, fine dining restaurants, and high-end interiors seeking both functionality and refined aesthetics. Product Size: D:22,5cm",in stock,new,439.00 USD,https://www.laledevri.com.tr/en/shop/venice-covered-serving-pot-225cm/,https://emiryildizworks.github.io/laledevri-catalog-images/img-0001.jpg,Lale Devri,3802,,1,,,,,,,,Silver Plated,,,,,,,,,Collections,Serving Plates,
GVn21,Venice Covered Jam Holder,"Venice Silver Plated Covered Jam Holder is a premium serving piece designed for elegant breakfast presentations and refined dining experiences. Its sophisticated silver-plated exterior reflects timeless, while the inner glass bowl provides a hygienic and stylish way to serve jam, honey, sauces, and gourmet accompaniments. The covered design helps preserve freshness while adding a luxurious touch to the table setting. Ideal for luxury hotels, boutique restaurants, and high-end interiors seeking both elegance and functionality.",in stock,new,97.50 USD,https://www.laledevri.com.tr/en/shop/venice-covered-jam-holder/,https://emiryildizworks.github.io/laledevri-catalog-images/img-0002.jpg,Lale Devri,3498,,2,,,,,,,,Silver Plated,,,,,,,,,Collections,Glassware and Bowls,
GVn20,Venice 4-Piece Spice Holder,"Venice Silver Plated 4-Piece Spice Holder is a refined tabletop accessory designed for sophisticated dining experiences and luxury interiors. Its four-compartment functional design allows you to organize and present salt, pepper, and gourmet spices in a stylish and hygienic way. Perfect for luxury restaurants, boutique hotels, elegant dining tables, and premium kitchen decor concepts.",in stock,new,797.00 USD,https://www.laledevri.com.tr/en/shop/venice-4-piece-spice-holder/,https://emiryildizworks.github.io/laledevri-catalog-images/img-0003.jpg,Lale Devri,3802,,1,,,,,,,,Silver Plated,,,,,,,,,Collections,Silver-Plated Tableware and Accessories,
GVn19,Venice 2-Piece Spice Holder,"Venice Silver Plated 2-Piece Spice Holder is designed to bring timeless elegance and refined sophistication to premium dining spaces. Ideal for exclusive dining concepts, boutique hotels, and refined interiors, this functional spice holder offers a stylish way to present salt, pepper, and gourmet spices. Crafted for high-end customers who value elegance, quality, and distinguished presentation.",in stock,new,474.00 USD,https://www.laledevri.com.tr/en/shop/venice-2-piece-spice-holder/,https://emiryildizworks.github.io/laledevri-catalog-images/img-0004.jpg,Lale Devri,3802,,1,,,,,,,,Silver Plated,,,,,,,,,Collections,Silver-Plated Tableware and Accessories,
GVn17,Venice Ice Cream Bowl,"Venice Silver Plated Ice Cream Bowl is radiant silver-plated finish and graceful create a luxurious serving experience for ice cream, sorbet, desserts, and gourmet treats. Designed for premium lifestyles and distinguished dining settings, this exquisite piece is perfect for both everyday luxury and elegant entertaining. Product Size: D: 9cm H: 8cm",in stock,new,63.00 USD,https://www.laledevri.com.tr/en/shop/venice-ice-cream-bowl/,https://emiryildizworks.github.io/laledevri-catalog-images/img-0005.jpg,Lale Devri,3498,,50,,,,,,,,Silver Plated,,,,,,,,,Collections,Glassware and Bowls,
GVn16,Venice Sugar Bowl Small,"Venice Silver Plated Sugar Bowl is designed for sophisticated interiors and refined table settings. Featuring an exquisite silver-plated finish and elegant craftsmanship, this premium decorative piece elevates every presentation with prestige and style. Perfect for luxury dining tables, coffee corners, consoles, and living spaces, Venice Sugar Bowl offers both decorative beauty and functional use. Created for discerning customers who appreciate exclusive home accessories and upscale decor, it stands out as a distinguished gift alternative and a statement piece for elegant homes. Product Size: D: 10,5cm H: 5,5cm",in stock,new,132.00 USD,https://www.laledevri.com.tr/en/shop/venice-sugar-bowl-small/,https://emiryildizworks.github.io/laledevri-catalog-images/img-0006.jpg,Lale Devri,3498,,1,,,,,,,,Silver Plated,,,,,,,,,Collections,Glassware and Bowls,
GS39,Safiye Sultan Square Napkin Holder,"Safiye Sultan Silver Plated Square Napkin Holder is an elegant table accessory designed for luxury dining settings and sophisticated event decor. Featuring a refined square-inspired form and a radiant silver-plated finish, it transforms napkin presentation into a stylish decorative detail while adding prestige to every table arrangement. Ideal for wedding, engagement celebrations, gala dinners, luxury hospitality concepts, and exclusive events, this piece creates a refined and sophisticated atmosphere.",in stock,new,366.00 USD,https://www.laledevri.com.tr/en/shop/safiye-sultan-square-napkin-holder-silver-plated/,https://emiryildizworks.github.io/laledevri-catalog-images/img-0007.jpg,Lale Devri,6324,,1,,,,,,,,Silver Plated,,,,,,,,,Collections,Napkin Holders,
CPO2A,Saray Gold Tea Cup with Handle,"Featuring delicately crafted gold patterns and an elegant handle design, this piece is perfect for both everyday indulgence and exclusive table settings. Bringing together the heritage of Turkish tea culture with a modern luxury touch, this exquisite glass elevates every serving and also makes a distinguished gift choice.",in stock,new,182.00 USD,https://www.laledevri.com.tr/en/shop/saray-gold-tea-cup-with-handle/,https://emiryildizworks.github.io/laledevri-catalog-images/img-0008.jpg,Lale Devri,6049,,50,,,,,Gold,,,Glass,,,,,,,,,Collections,Glass Products,
CPO1A,Saray Gold Tea Cup,Saray Gold Tea Cup,in stock,new,176.00 USD,https://www.laledevri.com.tr/en/shop/saray-gold-tea-cup/,https://emiryildizworks.github.io/laledevri-catalog-images/img-0009.jpg,Lale Devri,6049,,50,,,,,Gold,,,Glass,,,,,,,,,Glass Products,Saray,
CK03A,Kelebek Gold Mirra,Mirra from the Kelebek collection. Add elegance to your tables with the Gold and Platinum option. Product sizes Height: 5cm Diameter: 6cm Weight: 44g Volume: 45cc,in stock,new,86.00 USD,https://www.laledevri.com.tr/en/shop/kelebek-gold-mirra/,https://emiryildizworks.github.io/laledevri-catalog-images/img-0010.jpg,Lale Devri,6049,,1,,,,,Gold,,,Glass,,,,,,,,,Collections,Glass Products,
Cİ05P,Heybeli Ipekyolu Platinum Tea Cup,Tea Cup from the Heybeli Ipekyolu collection. Add elegance to your tables with the platinum option. Product sizes Height: 9cm Diameter: 5.5cm Weight: 104g Volume: 132 cc,in stock,new,293.00 USD,https://www.laledevri.com.tr/en/shop/heybeli-ipekyolu-platinum-tea-cup/,https://emiryildizworks.github.io/laledevri-catalog-images/img-0011.jpg,Lale Devri,6049,,50,,,,,,,,Glass,,,,,,,,,Collections,Glass Products,
CS17,Sitare Drop Mirra,"Signature piece inspired touch from our cultural heritage… Sitare Mirra blends tradition with modern elegance. Its distinctive design shines on every table with a bold, refined presence. Perfect for serving unforgettable moments. ✨ Product sizes Height: 5cm Diameter: 6cm Weight: 44g Volume: 45cc",in stock,new,28.00 USD,https://www.laledevri.com.tr/en/shop/sitare-drop-mirra/,https://emiryildizworks.github.io/laledevri-catalog-images/img-0012.jpg,Lale Devri,6049,,50,,,,,,,,Glass,,,,,,,,,Collections,Glass Products,
CS16,Sitare Heart Mirra,"Signature piece inspired touch from our cultural heritage… Sitare Mirra blends tradition with modern elegance. Its distinctive design shines on every table with a bold, refined presence. Perfect for serving unforgettable moments. ✨ Product sizes Height: 5cm Diameter: 6cm Weight: 44g Volume: 45cc",in stock,new,28.00 USD,https://www.laledevri.com.tr/en/shop/sitare-heart-mirra/,https://emiryildizworks.github.io/laledevri-catalog-images/img-0013.jpg,Lale Devri,6049,,50,,,,,,,,Glass,,,,,,,,,Collections,Glass Products,
GVn15,Venice Sugar Bowl Medium,"Venice Silver Plated Sugar Bowl is designed for sophisticated interiors and refined table settings. Featuring an exquisite silver-plated finish and elegant craftsmanship, this premium decorative piece elevates every presentation with prestige and style. Perfect for luxury dining tables, coffee corners, consoles, and living spaces, Venice Sugar Bowl offers both decorative beauty and functional use. Created for discerning customers who appreciate exclusive home accessories and upscale decor, it stands out as a distinguished gift alternative and a statement piece for elegant homes. Product Size: D: 12cm H: 7cm",in stock,new,171.00 USD,https://www.laledevri.com.tr/en/shop/venice-sugar-bowl-medium/,https://emiryildizworks.github.io/laledevri-catalog-images/img-0014.jpg,Lale Devri,3498,,1,,,,,,,,Silver Plated,,,,,,,,,Collections,Glassware and Bowls,
GVn06,Venice Salad Bowl,"Venice Silver Plated Salad Bowl is a sophisticated serving piece designed for elegant dining tables and refined presentations. Its design makes it ideal for serving salads, fruits, snacks, and gourmet presentations with style and functionality. Perfect for luxury hotels, fine dining restaurants, and high-end living spaces seeking premium tabletop elegance.",in stock,new,268.00 USD,https://www.laledevri.com.tr/en/shop/venice-salad-bowl/,https://emiryildizworks.github.io/laledevri-catalog-images/img-0015.jpg,Lale Devri,3498,,1,,,,,,,,Silver Plated,,,,,,,,,Collections,Glassware and Bowls,
GVn03,Venice Covered Serving Pot 28cm,"Venice Covered Serving Pot 28cm is a premium serving piece designed for elegant dining experiences and professional table presentations. It adds prestige and luxury to any table setting. Its spacious 28cm size is ideal for serving hot dishes, main courses, and gourmet presentations in style. The covered design helps maintain food temperature while offering a hygienic and elegant serving experience. Perfect for luxury hotels, fine dining restaurants, and high-end interiors seeking both functionality and refined aesthetics.",in stock,new,561.00 USD,https://www.laledevri.com.tr/en/shop/venice-covered-serving-pot-28cm/,https://emiryildizworks.github.io/laledevri-catalog-images/img-0016.jpg,Lale Devri,3802,,1,,,,,,,,Silver Plated,,,,,,,,,Collections,Serving Plates,
wc-5002,Başak Square Placemat,40x40cm square placemat crafted from black linen. Embroidery and flawless stitching bring timeless elegance to any table. Perfect for refined table settings and special gatherings.,in stock,new,40.00 USD,https://www.laledevri.com.tr/en/shop/basak-square-placemat/,https://emiryildizworks.github.io/laledevri-catalog-images/img-0017.jpg,Lale Devri,2547,,1,,,,,,,,Cotton,,,,,,,,,Placemats,Table Linens,
wc-4992,Seda Round Placemat,"D:40cm placemat produced from pure ecru linen. With its all-around embroidered silver detailing and impeccable stitching, it brings timeless elegance to any table. Perfect for refined table settings and special gatherings.",in stock,new,40.00 USD,https://www.laledevri.com.tr/en/shop/seda-round-placemat/,https://emiryildizworks.github.io/laledevri-catalog-images/img-0018.jpg,Lale Devri,2547,,50,,,,,,,,Cotton,,,,,,,,,Placemats,Table Linens,
wc-4982,Kumsal Square Placemat,40x40cm square placemat crafted from pure linen. Embroidery and flawless stitching bring timeless elegance to any table. Perfect for refined table settings and special gatherings.,in stock,new,25.00 USD,https://www.laledevri.com.tr/en/shop/kumsal-square-placemat/,https://emiryildizworks.github.io/laledevri-catalog-images/img-0019.jpg,Lale Devri,2547,,50,,,,,,,,Cotton,,,,,,,,,Placemats,Table Linens,
wc-4346,Kafes Round Placemat,"D:38cm placemat produced from pure ecru linen. With its all-around embroidered ecru detailing and impeccable stitching, it brings timeless elegance to any table. Perfect for refined table settings and special gatherings.",in stock,new,35.00 USD,https://www.laledevri.com.tr/en/shop/kafes-round-placemat/,https://emiryildizworks.github.io/laledevri-catalog-images/img-0020.jpg,Lale Devri,2547,,50,,,,,,,,Cotton,,,,,,,,,Placemats,Table Linens,
GT25,Paris Tray 45x31cm,"This silver-plated tray features a generous size of 45x31cm, designed for grand and sophisticated presentations. Ideal for hosting elegant gatherings, serving multiple items, or elevating special occasions, this tray offers both practically and visual impact. Its radiant finish and timeless design seamlessly blend classic luxury with modern aesthetics, making it a perfect choice for high-end interiors.",in stock,new,780.00 USD,https://www.laledevri.com.tr/en/shop/paris-tray-45x31cm/,https://emiryildizworks.github.io/laledevri-catalog-images/img-0021.jpg,Lale Devri,4009,,1,,,,,,,,Silver Plated,,,,,,,,,Collections,Paris,
GT23,Paris Tray 22x32cm,"Perfect for serving coffee, hosting elegant gatherings, or enhancing your interior decor, this tray stands out with its fine craftsmanship and radiant finish. Its timeless design seamlessly complements both classic and contemporary styles, meeting the expectations of high-end customers who appreciate quality and aesthetics.",in stock,new,463.00 USD,https://www.laledevri.com.tr/en/shop/paris-tray-22x32cm/,https://emiryildizworks.github.io/laledevri-catalog-images/img-0022.jpg,Lale Devri,4009,,1,,,,,,,,Silver Plated,,,,,,,,,Paris,Serving Trays,
GT20,Paris Tray 20x20cm,"Perfect for serving coffee, hosting elegant gatherings, or enhancing your interior decor, this tray stands out with its fine craftsmanship and radiant finish. Its timeless design seamlessly complements both classic and contemporary styles, meeting the expectations of high-end customers who appreciate quality and aesthetics.",in stock,new,273.00 USD,https://www.laledevri.com.tr/en/shop/paris-tray-20x20cm/,https://emiryildizworks.github.io/laledevri-catalog-images/img-0023.jpg,Lale Devri,4009,,1,,,,,,,,Silver Plated,,,,,,,,,Paris,Serving Trays,
GTÇ5,Vektorel Steel Tray 22x32cm,Vektorel Steel Tray 22x32cm,in stock,new,39.00 USD,https://www.laledevri.com.tr/en/shop/vektorel-steel-tray-22x32cm/,https://emiryildizworks.github.io/laledevri-catalog-images/img-0024.jpg,Lale Devri,4009,,50,,,,,,,,Stainless Steel,,,,,,,,,Steel Serving Trays,,
GTÇ6,Vektorel Steel Tray 20x20cm,Vektorel Steel Tray 20x20cm,out of stock,new,27.00 USD,https://www.laledevri.com.tr/en/shop/vektorel-steel-tray-20x20cm/,https://emiryildizworks.github.io/laledevri-catalog-images/img-0025.jpg,Lale Devri,4009,,0,,,,,,,,Stainless Steel,,,,,,,,,Steel Serving Trays,,
GTÇ3,Plain Steel Tray 22x32cm,From Tepsi series Tray Plain. Ready to add elegance to your tables.,in stock,new,29.00 USD,https://www.laledevri.com.tr/en/shop/plain-steel-tray-22x32cm/,https://emiryildizworks.github.io/laledevri-catalog-images/img-0026.jpg,Lale Devri,4009,,50,,,,,,,,Stainless Steel,,,,,,,,,Steel Serving Trays,,
GTÇ1G,Kanuni Silver Steel Tray 22x32cm,Kanuni Çelik from the tray series. It is ready to take its place on your tables with its Silver and Gold plated options.,in stock,new,44.00 USD,https://www.laledevri.com.tr/en/shop/kanuni-silver-steel-tray-22x32cm/,https://emiryildizworks.github.io/laledevri-catalog-images/img-0027.jpg,Lale Devri,4009,,50,,,,,Silver,,,Stainless Steel,,,,,,,,,Collections,Kanuni,
GTÇ1A,Kanuni Gold Steel Tray 22x32cm,Kanuni Çelik from the tray series. It is ready to take its place on your tables with its Silver and Gold plated options.,in stock,new,48.00 USD,https://www.laledevri.com.tr/en/shop/kanuni-gold-steel-tray-22x32cm/,https://emiryildizworks.github.io/laledevri-catalog-images/img-0028.jpg,Lale Devri,4009,,50,,,,,Gold,,,Stainless Steel,,,,,,,,,Collections,Kanuni,
GT44,Venice Tray 45x31cm,"This silver-plated tray features a generous size of 45x31cm, designed for grand and sophisticated presentations. Ideal for hosting elegant gatherings, serving multiple items, or elevating special occasions, this tray offers both practically and visual impact. Its radiant finish and timeless design seamlessly blend classic luxury with modern aesthetics, making it a perfect choice for high-end interiors.",in stock,new,780.00 USD,https://www.laledevri.com.tr/en/shop/venice-tray-45x31cm/,https://emiryildizworks.github.io/laledevri-catalog-images/img-0029.jpg,Lale Devri,4009,,1,,,,,,,,Silver Plated,,,,,,,,,Collections,Serving Trays,
GT40,Venice Tray 14x32cm,"This silver-plated tray features a refined rectangular form (14x32cm), designed for sophisticated and stylish presentations. Ideal for serving coffee, tea, or gourmet treats, this tray enhances any setting with its polished finish and fine craftsmanship. Blending classic and contemporary aesthetics, it is a perfect choice for those who value luxury, detail, and timeless design.",in stock,new,317.00 USD,https://www.laledevri.com.tr/en/shop/venice-tray-14x32cm/,https://emiryildizworks.github.io/laledevri-catalog-images/img-0030.jpg,Lale Devri,4009,,2,,,,,,,,Silver Plated,,,,,,,,,Serving Trays,Silver-Plated Tableware and Accessories,
GL18,Lalezar Cake Server 27cm,Lalezar Cake Server 27cm,in stock,new,360.00 USD,https://www.laledevri.com.tr/en/shop/lalezar-cake-server-27cm/,https://emiryildizworks.github.io/laledevri-catalog-images/img-0031.jpg,Lale Devri,3802,,1,,,,,,,,Silver Plated,,,0.093 kg,,,,,,Collections,Lalezar,
GL13,Lalezar Sugar Tongs,Lalezar Sugar Tongs,in stock,new,135.00 USD,https://www.laledevri.com.tr/en/shop/lalezar-sugar-tongs/,https://emiryildizworks.github.io/laledevri-catalog-images/img-0032.jpg,Lale Devri,3802,,1,,,,,,,,Silver Plated,,,0.04 kg,,,,,,Collections,Lalezar,
GL12,Lalezar Teaspoon,Add elegance to your tables with the Teaspoon from the Lalezar series.,in stock,new,58.50 USD,https://www.laledevri.com.tr/en/shop/lalezar-teaspoon-silver-plated/,https://emiryildizworks.github.io/laledevri-catalog-images/img-0033.jpg,Lale Devri,3939,,50,,,,,,,,Silver Plated,,,0.017 kg,,,,,,Collections,Lalezar,
GL09,Lalezar Dinner Knife 24cm,"The silver-plated Lalezar dinner knife is crafted for refined table settings, combining elegant design with exceptional craftsmanship. Its balanced structure and ergonomic form provide both comfort and sophistication during dining. With its finely detailed handle and high-quality silver plating, the Lalezar dinner knife pairs perfectly with the matching dinner fork and spoon from the same collection, creating a distinguished atmosphere for both everyday dining and special occasions. The Lalezar Series takes its name from ‘Lalezar,’ a cultural symbol reflecting the taste and aesthetic sensibilities of the Ottoman Empire during the Westernization period known as the Tulip Era.",in stock,new,178.00 USD,https://www.laledevri.com.tr/en/shop/lalezar-dinner-knife-24cm-silver-plated/,https://emiryildizworks.github.io/laledevri-catalog-images/img-0034.jpg,Lale Devri,3844,,50,,,,,,,,Silver Plated,,,0.127 kg,,,,,,Collections,Cutlery Sets,
GL08,Lalezar Dinner Knife 22cm,"The silver-plated Lalezar dinner knife is crafted for refined table settings, combining elegant design with exceptional craftsmanship. Its balanced structure and ergonomic form provide both comfort and sophistication during dining. With its finely detailed handle and high-quality silver plating, the Lalezar dinner knife pairs perfectly with the matching dinner fork and spoon from the same collection, creating a distinguished atmosphere for both everyday dining and special occasions.",out of stock,new,138.00 USD,https://www.laledevri.com.tr/en/shop/lalezar-dinner-knife-22cm-silver-plated/,https://emiryildizworks.github.io/laledevri-catalog-images/img-0035.jpg,Lale Devri,3844,,0,,,,,,,,Silver Plated,,,0.111 kg,,,,,,Collections,Cutlery Sets,
GL07,Lalezar Dessert Knife,"The silver-plated Lalezar dessert knife is designed to add a refined touch to elegant dessert presentations. With its balanced structure and ergonomic design, it offers a comfortable and sophisticated experience when serving cakes, desserts, and delicate sweets. With its finely crafted details and high-quality silver plating, The Lalezar dessert knife pairs perfectly with the matching dessert fork and other pieces from the collection, creating an elegant atmosphere for both everyday dessert service and special occasions. The Lalezar Series takes its name from ‘Lalezar,’ a cultural symbol reflecting the taste and aesthetic sensibilities of the Ottoman Empire during the Westernization period known as the Tulip Era.",out of stock,new,111.00 USD,https://www.laledevri.com.tr/en/shop/lalezar-dessert-knife-silver-plated/,https://emiryildizworks.github.io/laledevri-catalog-images/img-0036.jpg,Lale Devri,3844,,0,,,,,,,,Silver Plated,,,0.077 kg,,,,,,Collections,Cutlery Sets,
GL06,Lalezar Dinner Spoon 21cm,"The silver-plated Lalezar dinner spoon is crafted for refined table settings, combining elegant design with exceptional craftsmanship. Its balanced structure and ergonomic form provide both comfort and sophistication during dining. With its finely detailed handle and high-quality silver plating, The Lalezar dinner spoon pairs perfectly with the matching dinner fork and knife from the same collection, creating a distinguished atmosphere for both everyday dining and special occasions. The Lalezar Series takes its name from ‘Lalezar,’ a cultural symbol reflecting the taste and aesthetic sensibilities of the Ottoman Empire during the Westernization period known as the Tulip Era.",in stock,new,252.00 USD,https://www.laledevri.com.tr/en/shop/lalezar-dinner-spoon-21cm-silver-plated/,https://emiryildizworks.github.io/laledevri-catalog-images/img-0037.jpg,Lale Devri,3939,,50,,,,,,,,Silver Plated,,,0.08 kg,,,,,,Collections,Cutlery Sets,
GL05,Lalezar Dinner Spoon 20cm,"The silver-plated Lalezar dinner spoon is crafted for refined table settings, combining elegant design with exceptional craftsmanship. Its balanced structure and ergonomic form provide both comfort and sophistication during dining. With its finely detailed handle and high-quality silver plating, The Lalezar dinner spoon pairs perfectly with the matching dinner fork and knife from the same collection, creating a distinguished atmosphere for both everyday dining and special occasions. The Lalezar Series takes its name from ‘Lalezar,’ a cultural symbol reflecting the taste and aesthetic sensibilities of the Ottoman Empire during the Westernization period known as the Tulip Era.",out of stock,new,193.50 USD,https://www.laledevri.com.tr/en/shop/lalezar-dinner-spoon-20cm-silver-plated/,https://emiryildizworks.github.io/laledevri-catalog-images/img-0038.jpg,Lale Devri,3939,,0,,,,,,,,Silver Plated,,,0.057 kg,,,,,,Collections,Cutlery Sets,
GL04,Lalezar Dessert Spoon,"The silver-plated Lalezar dessert spoon is designed to add a refined touch to elegant dessert presentations. With its balanced structure and ergonomic design, it offers a comfortable and sophisticated experience when serving cakes, desserts, and delicate sweets. With its finely crafted details and high-quality silver plating, The Lalezar dessert spoon pairs perfectly with the matching dessert fork and other pieces from the collection, creating an elegant atmosphere for both everyday dessert service and special occasions. The Lalezar Series takes its name from ‘Lalezar,’ a cultural symbol reflecting the taste and aesthetic sensibilities of the Ottoman Empire during the Westernization period known as the Tulip Era.",in stock,new,90.00 USD,https://www.laledevri.com.tr/en/shop/lalezar-dessert-spoon-silver-plated/,https://emiryildizworks.github.io/laledevri-catalog-images/img-0039.jpg,Lale Devri,3939,,50,,,,,,,,Silver Plated,,,0.029 kg,,,,,,Collections,Cutlery Sets,
GL03,Lalezar Dinner Fork 21cm,"The silver-plated Lalezar dinner fork is designed for sophisticated table settings with its elegant from and refined craftsmanship. Its finely detailed design and high-quality silver plating combine aesthetics and comfort in every use. Perfectly complementing the matching dinner spoon, knife, and other pieces from the Lalezar Collection, this dinner fork adds a distinguished touch to both everyday dining and special occasions. The Lalezar Series takes its name from ‘Lalezar,’ a cultural symbol reflecting the taste and aesthetic sensibilities of the Ottoman Empire during the Westernization period known as the Tulip Era.",in stock,new,207.00 USD,https://www.laledevri.com.tr/en/shop/lalezar-dinner-fork-21cm-silver-plated/,https://emiryildizworks.github.io/laledevri-catalog-images/img-0040.jpg,Lale Devri,4015,,50,,,,,,,,Silver Plated,,,0.069 kg,,,,,,Collections,Cutlery Sets,
GL02,Lalezar Dinner Fork 20cm,"The silver-plated Lalezar dinner fork is designed for sophisticated table settings with its elegant from and refined craftsmanship. Its finely detailed design and high-quality silver plating combine aesthetics and comfort in every use. Perfectly complementing the matching dinner spoon, knife, and other pieces from the Lalezar Collection, this dinner fork adds a distinguished touch to both everyday dining and special occasions. The Lalezar Series takes its name from ‘Lalezar,’ a cultural symbol reflecting the taste and aesthetic sensibilities of the Ottoman Empire during the Westernization period known as the Tulip Era.",out of stock,new,171.00 USD,https://www.laledevri.com.tr/en/shop/lalezar-dinner-fork-20cm-silver-plated/,https://emiryildizworks.github.io/laledevri-catalog-images/img-0041.jpg,Lale Devri,4015,,0,,,,,,,,Silver Plated,,,0.051 kg,,,,,,Collections,Cutlery Sets,
GL01,Lalezar Dessert Fork,"A refined accessory for elegant tables, the Lalezar Silver-Plated Dessert Fork combines aesthetic sophistication with practical functionality. Its delicately designed form and radiant silver-plated finish add a touch of luxury to every cake serving. Perfect for exclusive gatherings, tea time, and fine dining presentations, the Lalezar dessert fork is an essential piece for sophisticated settings. The Lalezar Series takes its name from ‘Lalezar,’ a cultural symbol reflecting the taste and aesthetic sensibilities of the Ottoman Empire during the Westernization period known as the Tulip Era.",out of stock,new,90.00 USD,https://www.laledevri.com.tr/en/shop/lalezar-dessert-fork-silver-plated/,https://emiryildizworks.github.io/laledevri-catalog-images/img-0042.jpg,Lale Devri,4015,,0,,,,,,,,Silver Plated,,,0.024 kg,,,,,,Collections,Forks,
wc-4640,Oya Placemat,40x40cm placemat crafted from linen. Full-edge lace and flawless stitching bring timeless elegance to any table. Perfect for refined table settings and special gatherings.,in stock,new,40.00 USD,https://www.laledevri.com.tr/en/shop/oya-placemat/,https://emiryildizworks.github.io/laledevri-catalog-images/img-0043.jpg,Lale Devri,2547,,50,,,,,,,,Cotton,,,,,,,,,Placemats,Table Linens,
wc-4624,Kanuni Square Red Placemat,40x40cm square placemat crafted from linen. Full-edge embroidery and flawless stitching bring timeless elegance to any table. Perfect for refined table settings and special gatherings.,in stock,new,37.00 USD,https://www.laledevri.com.tr/en/shop/kanuni-square-red-placemat/,https://emiryildizworks.github.io/laledevri-catalog-images/img-0044.jpg,Lale Devri,2547,,50,,,,,Red,,,Cotton,,,,,,,,,Placemats,Table Linens,
wc-4614,Kanuni Square Green Placemat,40x40cm square placemat crafted from linen. Full-edge embroidery and flawless stitching bring timeless elegance to any table. Perfect for refined table settings and special gatherings.,in stock,new,37.00 USD,https://www.laledevri.com.tr/en/shop/kanuni-square-green-placemat/,https://emiryildizworks.github.io/laledevri-catalog-images/img-0045.jpg,Lale Devri,2547,,50,,,,,Green,,,Cotton,,,,,,,,,Placemats,Table Linens,
wc-4604,Bozcaada Placemat,40x50cm placemat crafted from linen. Full-edge embroidery and flawless stitching bring timeless elegance to any table. Perfect for refined table settings and special gatherings.,in stock,new,25.00 USD,https://www.laledevri.com.tr/en/shop/bozcaada-placemat/,https://emiryildizworks.github.io/laledevri-catalog-images/img-0046.jpg,Lale Devri,2547,,50,,,,,,,,Cotton,,,,,,,,,Placemats,Table Linens,
wc-4578,Kafes Square Placemat,40x40cm square placemat crafted from pure linen. Full-edge embroidery and flawless stitching bring timeless elegance to any table. Perfect for refined table settings and special gatherings.,in stock,new,35.00 USD,https://www.laledevri.com.tr/en/shop/kafes-square-placemat/,https://emiryildizworks.github.io/laledevri-catalog-images/img-0047.jpg,Lale Devri,2547,,50,,,,,,,,Cotton,,,,,,,,,Placemats,Table Linens,
CS29,Sitare Ring Napkin Holder,"Sitare glass napkin ring is designed to bring elegance and sophistication to your table decor. Ideal for home dining tables, restaurants, and event decorations, Sitare glass napkin ring is a beautiful accessory that enhances any table presentation. Product Sizes: Diameter: 4,5 cm Gram: 36 gr",in stock,new,98.00 USD,https://www.laledevri.com.tr/en/shop/sitare-ring-napkin-holder/,https://emiryildizworks.github.io/laledevri-catalog-images/img-0048.jpg,Lale Devri,6324,,50,,,,,,,,Glass,,,,,,,,,Collections,Glass Products,
Cİ02P,Ipekyolu Platinum Ring Napkin Holder,"Ipekyolu platinum napkin ring is a sophisticated table accessory designed to elegant dining experiences. Its elegant structure pairs beautifully with linen napkins, creating a polished and luxurious table arrangement. Product Sizes: Diameter: 4,5 cm Gram: 36 gr",in stock,new,150.00 USD,https://www.laledevri.com.tr/en/shop/ipekyolu-platinum-ring-napkin-holder/,https://emiryildizworks.github.io/laledevri-catalog-images/img-0049.jpg,Lale Devri,6324,,50,,,,,,,,Glass,,,0.036 kg,,,,,,Collections,Glass Products,
GS43,Safiye Sultan Single Row Ring Napkin Holder,"Safiye Sultan Ring Napkin Holder from Safiye Sultan series. Original and elegance design. Product Sizes: Width: 4,5 cm Length: 4,5 cm Height: 3,5 cm Gram: 52 gr",in stock,new,25.00 USD,https://www.laledevri.com.tr/en/shop/safiye-sultan-single-row-ring-napkin-holder-silver-plated/,https://emiryildizworks.github.io/laledevri-catalog-images/img-0050.jpg,Lale Devri,6324,,50,,,,,,,,Silver Plated,,,0.052 kg,,,,,,Collections,Napkin Holders,
GO10A,Orkide Gold Ring Napkin Holder,"Orkide napkin ring is an elegant table accessory inspired by the graceful beauty of the orchid flower. Its refined design and silver-plated finish add a luxurious touch to any table setting. Product Sizes: Width: 7 cm Length: 3 cm Height: 3,5 cm Gram: 56 gr",in stock,new,49.00 USD,https://www.laledevri.com.tr/en/shop/ring-napkin-holder-gold-orkide-silver-plated/,https://emiryildizworks.github.io/laledevri-catalog-images/img-0051.jpg,Lale Devri,6324,,50,,,,,Gold,,,Silver Plated,,,0.056 kg,,,,,,Collections,Napkin Holders,
GKN23,Kanuni Ring Napkin Holder,"Kanuni Napkin Ring is an elegant table accessory crafted with a silver-plated surface and delicately detailed gold-plated patterns. The graceful brilliance of silver combined with the richness and sophisticated aesthetic for refined table settings. Product Sizes: Width: 7 cm Length: 3 cm Height: 3,5 cm Gram: 30 gr",in stock,new,34.00 USD,https://www.laledevri.com.tr/en/shop/kanuni-ring-napkin-holder/,https://emiryildizworks.github.io/laledevri-catalog-images/img-0052.jpg,Lale Devri,6324,,50,,,,,,,,Silver Plated,,,0.03 kg,,,,,,Collections,Kanuni,
GKN23A,Kanuni Gold Ring Napkin Holder,"Kanuni Napkin Ring is an elegant table accessory crafted with a silver-plated surface and delicately detailed gold-plated patterns. The graceful brilliance of silver combined with the richness of gold accents creates a balanced and sophisticated aesthetic for refined table settings. Product Sizes: Width: 7 cm Length: 3 cm Height: 3,5 cm Gram: 30 gr",in stock,new,44.00 USD,https://www.laledevri.com.tr/en/shop/kanuni-gold-ring-napkin-holder/,https://emiryildizworks.github.io/laledevri-catalog-images/img-0053.jpg,Lale Devri,6324,,50,,,,,Gold,,,Silver Plated,,,0.03 kg,,,,,,Collections,Kanuni,
GVn25,Venice Circle Ring Napkin Holder,"Venice napkin ring is an elegant table accessory designed to add a refined touch to your dining table. Featuring fine craftsmanship and a silver-plated finish, it enhances both everyday dining and special occasions. Perfect for dinner parties, restaurants, hotels, restaurants, hotels, and special events, this napkin ring complements both classic and modern table arrangements.",in stock,new,63.00 USD,https://www.laledevri.com.tr/en/shop/venice-circle-ring-napkin-holder/,https://emiryildizworks.github.io/laledevri-catalog-images/img-0054.jpg,Lale Devri,6324,,50,,,,,,,,Silver Plated,,,0.018 kg,,,,,,Collections,Napkin Holders,
GVn05,Venice Ring Napkin Holder,"Venice napkin ring is an elegant table accessory designed to add a refined touch to your dining table. Featuring fine craftsmanship and a silver-plated finish, it enhances both everyday dining and special occasions. Perfect for dinner parties, restaurants, hotels, restaurants, hotels, and special events, this napkin ring complements both classic and modern table arrangements.",in stock,new,16.50 USD,https://www.laledevri.com.tr/en/shop/venice-ring-napkin-holder/,https://emiryildizworks.github.io/laledevri-catalog-images/img-0055.jpg,Lale Devri,6324,,50,,,,,,,,Silver Plated,,,0.018 kg,,,,,,Collections,Napkin Holders,
GC09,Ciragan Dinner Knife 24cm,"The silver-plated Ciragan dinner knife is crafted for refined table settings, combining elegant design with exceptional craftsmanship. Its balanced structure and ergonomic form provide both comfort and sophistication during dining. The Ciragan collection takes its name from Ciragan Palace, one of the most magnificent symbols of the 18th-century Tulip Era. With its finely detailed handle and high-quality silver plating, the Ciragan dinner knife pairs perfectly with the matching dinner fork and spoon from the same collection, creating a distinguished atmosphere for both everyday dining and special occasions.",in stock,new,205.00 USD,https://www.laledevri.com.tr/en/shop/ciragan-dinner-knife-24cm-silver-plated/,https://emiryildizworks.github.io/laledevri-catalog-images/img-0056.jpg,Lale Devri,3844,,50,,,,,,,,Silver Plated,,,0.127 kg,,,,,,Ciragan,Collections,
GC08,Ciragan Dinner Knife 22cm,"The silver-plated Ciragan dinner knife is crafted for refined table settings, combining elegant design with exceptional craftsmanship. Its balanced structure and ergonomic form provide both comfort and sophistication during dining. The Ciragan collection takes its name from Ciragan Palace, one of the most magnificent symbols of the 18th-century Tulip Era. With its finely detailed handle and high-quality silver plating, the Ciragan dinner knife pairs perfectly with the matching dinner fork and spoon from the same collection, creating a distinguished atmosphere for both everyday dining and special occasions.",in stock,new,158.00 USD,https://www.laledevri.com.tr/en/shop/ciragan-dinner-knife-22cm-silver-plated/,https://emiryildizworks.github.io/laledevri-catalog-images/img-0057.jpg,Lale Devri,3844,,50,,,,,,,,Silver Plated,,,0.111 kg,,,,,,Ciragan,Collections,
GC07,Dessert Knife Ciragan Silver Plated,"Dessert Knife Ciragan Silver Plated is designed to add a refined touch to elegant dessert presentations. With its balanced structure and ergonomic design, it offers a comfortable and sophisticated experience when serving cakes, desserts, and delicate sweets. The Ciragan Collection takes its name from Ciragan Palace, one of the most magnificent symbols of the 18th-century Tulip Era. With its finely crafted details and high-quality silver plating, The Ciragan Dessert Knife pairs perfectly with the matching dessert fork and other pieces from the collection, creating an elegant atmosphere for both everyday dessert service and special occasions.",in stock,new,127.00 USD,https://www.laledevri.com.tr/en/shop/ciragan-dessert-knife-silver-plated/,https://emiryildizworks.github.io/laledevri-catalog-images/img-0058.jpg,Lale Devri,3844,,50,,,,,Silver,,,Silver Plated,,,0.077 kg,,,,,,Ciragan,Collections,
GC06,Dinner Spoon 21cm Ciragan Silver Plated,"Dinner Spoon 21cm Ciragan Silver Plated is crafted for refined table settings, combining elegant design with exceptional craftsmanship. Its balanced structure and ergonomic form provide both comfort and sophistication during dining. The Ciragan Collection takes its name from Ciragan Palace, one of the most magnificent symbols of the 18th-century Tulip Era. With its finely detailed handle and high-quality silver plating, The Ciragan Dinner Spoon 21 cm pairs perfectly with the matching dinner fork and knife from the same collection, creating a distinguished atmosphere for both everyday dining and special occasions.",in stock,new,290.00 USD,https://www.laledevri.com.tr/en/shop/ciragan-dinner-spoon-21cm-silver-plated/,https://emiryildizworks.github.io/laledevri-catalog-images/img-0059.jpg,Lale Devri,3939,,50,,,,,Silver,,,Silver Plated,,,0.08 kg,,,,,,Ciragan,Collections,
GC04,Dessert Spoon Ciragan Silver Plated,"Dessert Spoon Ciragan Silver Plated is designed to add a refined touch to elegant dessert presentations. With its balanced structure and ergonomic design, it offers a comfortable and sophisticated experience when serving cakes, desserts, and delicate sweets. The Ciragan Collection takes its name from Ciragan Palace, one of the most magnificent symbols of the 18th-century Tulip Era. With its finely crafted details and high-quality silver plating, The Ciragan Dessert Spoon pairs perfectly with the matching dessert fork and other pieces from the collection, creating an elegant atmosphere for both everyday dessert service and special occasions.",in stock,new,103.50 USD,https://www.laledevri.com.tr/en/shop/ciragan-dessert-spoon-silver-plated/,https://emiryildizworks.github.io/laledevri-catalog-images/img-0060.jpg,Lale Devri,3939,,50,,,,,Silver,,,Silver Plated,,,0.029 kg,,,,,,Ciragan,Collections,
GC03,Dinner Fork 21cm Ciragan Silver Plated,"Dinner Fork 21 cm Ciragan Silver Plated is designed for sophisticated table settings with its elegant from and refined craftsmanship. Its finely detailed design and high-quality silver plating combine aesthetics and comfort in every use. The Ciragan Collection takes its name from Çırağan Palace, one of the most magnificent symbols of the 18th-century Tulip Era. Perfectly complementing the matching dinner spoon, knife, and other pieces from the Ciragan Collection, this dinner fork adds a distinguished touch to both everyday dining and special occasions.",in stock,new,238.00 USD,https://www.laledevri.com.tr/en/shop/ciragan-dinner-fork-21cm-silver-plated/,https://emiryildizworks.github.io/laledevri-catalog-images/img-0061.jpg,Lale Devri,4015,,50,,,,,Silver,,,Silver Plated,,,0.069 kg,,,,,,Ciragan,Collections,
GC02,Dinner Fork 20cm Ciragan Silver Plated,"Dinner Fork 20 cm Ciragan Silver Plated is designed for sophisticated table settings with its elegant from and refined craftsmanship. Its finely detailed design and high-quality silver plating combine aesthetics and comfort in every use. The Ciragan Collection takes its name from Çırağan Palace, one of the most magnificent symbols of the 18th-century Tulip Era. Perfectly complementing the matching dinner spoon, knife, and other pieces from the Ciragan Collection, this dinner fork adds a distinguished touch to both everyday dining and special occasions.",in stock,new,197.00 USD,https://www.laledevri.com.tr/en/shop/ciragan-dinner-fork-20cm-silver-plated/,https://emiryildizworks.github.io/laledevri-catalog-images/img-0062.jpg,Lale Devri,4015,,50,,,,,Silver,,,Silver Plated,,,0.051 kg,,,,,,Ciragan,Collections,
GC01,Dessert Fork Ciragan Silver Plated,"Ciragan Dessert fork Ciragan Silver Plated can be paired with the dessert spoon and knife for desserts, salads, or appetizers. The Ciragan Collection takes its name from Çırağan Palace, one of the most important symbols of the Tulip Era of the 18th century.",in stock,new,103.50 USD,https://www.laledevri.com.tr/en/shop/ciragan-dessert-fork-silver-plated/,https://emiryildizworks.github.io/laledevri-catalog-images/img-0063.jpg,Lale Devri,4015,,50,,,,,Silver,,,Silver Plated,,,0.024 kg,,,,,,Ciragan,Collections,
GS2,Safiye Sultan Charger Presentation Plate 24cm,"Safiye Sultan Charger Presentation Plate is an exclusive tableware piece designed to bring timeless elegance and luxury to sophisticated table settings. This charger plate complements fine porcelain collections, crystal accessories, and upscale table arrangements beautifully. Product Size: D:24cm",in stock,new,268.00 USD,https://www.laledevri.com.tr/en/shop/safiye-sultan-charger-presentation-plate-24cm-silver-plated/,https://emiryildizworks.github.io/laledevri-catalog-images/img-0064.jpg,Lale Devri,3553,,50,,,,,,,,Silver Plated,,,,,,,,,Charger Presentation Plate,Safiye Sultan,
Cİ05,Heybeli Ipekyolu Tea Cup,Tea Cup from the Heybeli Ipekyolu collection. Add elegance to your tables with the platinum option. Product sizes Height: 9cm Diameter: 5.5cm Weight: 104g Volume: 132 cc,in stock,new,71.00 USD,https://www.laledevri.com.tr/en/shop/heybeli-ipekyolu-tea-cup-2/,https://emiryildizworks.github.io/laledevri-catalog-images/img-0065.jpg,Lale Devri,6049,,50,,,,,,,,Glass,,,,,,,,,Collections,Glass Products,
CS08,Sitare Tea Cup,"Signature piece of the Sitare Collection… Designed to bring refined elegance to your tables, Sitare Teacup blends minimalist form with modern luxury. Offered in Plain — Gold and Platinum options, this special piece adds a stellar touch to tea presentations. Perfect for daily enjoyment or hosting your most elegant gatherings, it shines on every table setting. ✨ Product sizes Height: 8cm Diameter: 6cm Weight: 103g Volume: 120 cc",in stock,new,124.00 USD,https://www.laledevri.com.tr/en/shop/sitare-tea-cup-2/,https://emiryildizworks.github.io/laledevri-catalog-images/img-0066.jpg,Lale Devri,6049,,50,,,,,,,,Glass,,,,,,,,,Glass Products,Sitare,
CS34A,Sitare Gold Soft Drink Glass,"Signature piece touch from everyday drinks to special tables… Sitare Soft Drink Glass elevates any beverage with its strong and refined silhouette. Available in Plain — Gold and Platinum options, it brings a radiant elegance to every serving. Star-worthy sophistication in every sip. ✨ Product sizes Height: 15cm Diameter: 6.5cm Weight: 330g Volume: 293 cc",in stock,new,409.00 USD,https://www.laledevri.com.tr/en/shop/sitare-gold-soft-drink-glass/,https://emiryildizworks.github.io/laledevri-catalog-images/img-0067.jpg,Lale Devri,2951,,50,,,,,Gold,,,Glass,,,,,,,,,Glass Products,Sitare,
CS34,Sitare Soft Drink Glass,"Signature piece touch from everyday drinks to special tables… Sitare Soft Drink Glass elevates any beverage with its strong and refined silhouette. Available in Plain — Gold and Platinum options, it brings a radiant elegance to every serving. Star-worthy sophistication in every sip. ✨ Product sizes Height: 15cm Diameter: 6.5cm Weight: 330g Volume: 293 cc",in stock,new,139.00 USD,https://www.laledevri.com.tr/en/shop/sitare-soft-drink-glass/,https://emiryildizworks.github.io/laledevri-catalog-images/img-0068.jpg,Lale Devri,2951,,50,,,,,,,,Glass,,,,,,,,,Glass Products,Sitare,
CK01P,Kelebek Platinum Tea Cup,"The butterfly symbolizes transformation, freedom, and elegance. We chose the butterfly motif to turn ordinary tea moments into a calming and meaningful experience. Its graceful presence adds positive energy and aesthetics value to every sip of tea. The butterfly decorated glass tea cup combines the simplicity of transparent glass with the graceful beauty of butterfly motifs. Made from heat-resistant glass, it highlights the color and clarity of your tea beautifully. Its ergonomic shape ensures a comfortable grip. This elegant tea glass complements both modern and classic table settings and is an excellent choice for guests, gift sets, or special occasions. Product sizes Height: 8cm Diameter: 6cm Weight: 103-105g Volume: 120 cc",in stock,new,113.00 USD,https://www.laledevri.com.tr/en/shop/kelebek-platinum-tea-cup/,https://emiryildizworks.github.io/laledevri-catalog-images/img-0069.jpg,Lale Devri,6049,,50,,,,,,,,Glass,,,,,,,,,Collections,Glass Products,
CK01A,Kelebek Gold Tea Cup,"The butterfly symbolizes transformation, freedom, and elegance. We chose the butterfly motif to turn ordinary tea moments into a calming and meaningful experience. Its graceful presence adds positive energy and aesthetics value to every sip of tea. The butterfly decorated glass tea cup combines the simplicity of transparent glass with the graceful beauty of butterfly motifs. Made from heat-resistant glass, it highlights the color and clarity of your tea beautifully. Its ergonomic shape ensures a comfortable grip. This elegant tea glass complements both modern and classic table settings and is an excellent choice for guests, gift sets, or special occasions. Product sizes Height: 8cm Diameter: 6cm Weight: 103-105g Volume: 120 cc",in stock,new,113.00 USD,https://www.laledevri.com.tr/en/shop/kelebek-gold-tea-cup/,https://emiryildizworks.github.io/laledevri-catalog-images/img-0070.jpg,Lale Devri,6049,,50,,,,,Gold,,,Glass,,,,,,,,,Glass Products,Kelebek,
CY06,Yonca Mirra,"The delicately crafted clover motif symbolizes luck, abundance, and harmony, adding both meaning and visual elegance to the design. Made from clear, high-quality glass, it highlights the rich color of mirra while its patterned surface creates a sophisticated presentation. This glass is perfect for homes, cafes, restaurants, and cultural events. Available in Plain — Gold and Platinum options, it brings a radiant elegance to every serving. Whether used for daily rituals or special occasions, the clover patterned mirra is also a thoughtful and distinctive gift choice, aesthetics, and functionality in one timeless piece. Product sizes Height: 5cm Diameter: 6cm Weight: 44 g Volume: 45cc",in stock,new,28.00 USD,https://www.laledevri.com.tr/en/shop/yonca-mirra/,https://emiryildizworks.github.io/laledevri-catalog-images/img-0071.jpg,Lale Devri,6049,,2,,,,,,,,Glass,,,,,,,,,Glass Products,Mirra,
CY06P,Yonca Platinum Mirra,"This clover patterned mirra transforms every serving into a refined cultural experience. The delicately crafted clover motif symbolizes luck, abundance, and harmony, adding both meaning and visual elegance to the design. Made from clear, high-quality glass, it highlights the rich color of mirra while its patterned surface creates a sophisticated presentation. This glass is perfect for homes, cafes, restaurants, and cultural events. Whether used for daily rituals or special occasions, the clover patterned mirra is also a thoughtful and distinctive gift choice, aesthetics, and functionality in one timeless piece. Product sizes Height: 5cm Diameter: 6cm Weight: 44 g Volume: 45cc",in stock,new,81.00 USD,https://www.laledevri.com.tr/en/shop/yonca-platinum-mirra/,https://emiryildizworks.github.io/laledevri-catalog-images/img-0072.jpg,Lale Devri,6049,,2,,,,,,,,Glass,,,,,,,,,Glass Products,Mirra,
CY06A,Yonca Gold Mirra,"This clover patterned mirra transforms every serving into a refined cultural experience. The delicately crafted clover motif symbolizes luck, abundance, and harmony, adding both meaning and visual elegance to the design. Made from clear, high-quality glass, it highlights the rich color of mirra while its patterned surface creates a sophisticated presentation. Ideal for serving mirra, traditional beverages, this glass is perfect for homes, cafes, restaurants, and cultural events. Whether used for daily rituals or special occasions, the clover patterned mirra is also a thoughtful and distinctive gift choice, aesthetics, and functionality in one timeless piece. Product sizes Height: 5cm Diameter: 6cm Weight: 44 g Volume: 45cc",in stock,new,81.00 USD,https://www.laledevri.com.tr/en/shop/yonca-gold-mirra/,https://emiryildizworks.github.io/laledevri-catalog-images/img-0073.jpg,Lale Devri,6049,,50,,,,,Gold,,,Glass,,,,,,,,,Collections,Glass Products,
CY04P,Yonca Platinum Tea Cup,"Feuturing a subtle clover motif, this beautifully designed tea glass is ideal for those who enjoy both the aesthetic and traditional aspects of tea drinking. The fine glass structure enhances the visual appeal of your tea, while the charming clover pattern adds sophistication to your table. Crafted from durable glass, it promises long-lasting use; however, to maintain the pattern and the clarity of the glass, hand washing is recommended. A perfect blend of modern design and classic elegance, making it a thoughtful gift option as well. Product sizes Height: 8cm Diameter: 6cm Weight: 103-105g Volume: 120 cc",in stock,new,113.00 USD,https://www.laledevri.com.tr/en/shop/yonca-platinum-tea-cup/,https://emiryildizworks.github.io/laledevri-catalog-images/img-0074.jpg,Lale Devri,6049,,50,,,,,,,,Glass,,,,,,,,,Collections,Glass Products,
CY04A,Yonca Gold Tea Cup,"For centuries, the clover has been seen as a symbol of luck, harmony, prosperity, and positive energy. By blending this timeless meaning with a modern design, we aimed to transform each tea glass into a small invitation to happiness. Featuring a subtle clover motif, this beautifully designed tea glass is ideal for those who enjoy both the aesthetic and traditional aspects of tea drinking. The fine glass structure enhances the visual appeal of your tea, while the charming clover pattern adds sophistication to your table. Crafted from durable glass, it promises long-lasting use; however, to maintain the pattern and the clarity of the glass, hand washing is recommended. A perfect blend of modern design and classic elegance, making it a thoughtful gift option as well. Product sizes Height: 8cm Diameter: 6cm Weight: 103-105g Volume: 120 cc",in stock,new,113.00 USD,https://www.laledevri.com.tr/en/shop/yonca-gold-tea-cup/,https://emiryildizworks.github.io/laledevri-catalog-images/img-0075.jpg,Lale Devri,6049,,50,,,,,Gold,,,Glass,,,,,,,,,Glass Products,Tea Cup,
CK13A,Kelebek Gold Oil Lamp,"Designed with delicate butterfly details on glass, this decorative lantern brings a soft, romantic glow to your home. The transparent glass diffuses the light beautifully, while the butterfly motif adds aesthetic elegance. It can be used as a functional oil lamp or displayed purely as decor-perfect for modern, classic, rustic, or vintage- inspired interiors. Ideal for living rooms, balconies, garden tables, and cozy corners. Also makes a thoughtful and stylish gift choice.",in stock,new,173.00 USD,https://www.laledevri.com.tr/en/shop/kelebek-gold-oil-lamp/,https://emiryildizworks.github.io/laledevri-catalog-images/img-0076.jpg,Lale Devri,7399,,1,,,,,Gold,,,Glass,,,,,,,,,Collections,Glass Products,
CK13,Kelebek Oil Lamp,"Designed with delicate butterfly details on glass, this decorative lantern brings a soft, romantic glow to your home. The transparent glass diffuses the light beautifully, while the butterfly motif adds aesthetic elegance. It can be used as a functional oil lamp or displayed purely as decor-perfect for modern, classic, rustic, or vintage- inspired interiors. Ideal for living rooms, balconies, garden tables, and cozy corners. Also makes a thoughtful and stylish gift choice.",in stock,new,139.00 USD,https://www.laledevri.com.tr/en/shop/kelebek-oil-lamp/,https://emiryildizworks.github.io/laledevri-catalog-images/img-0077.jpg,Lale Devri,7399,,50,,,,,,,,Glass,,,,,,,,,Glass Products,Kelebek,
C01,Gold Gilded Oil Lamp,"The gold gilded oil lamp brings timeless elegance and nostalgic charm to your living space. Carefully crafted with detailed gold gilding, this decorative oil lamp reflects classic aesthetics and luxurious design. Ideal for home interiors, cafes, restaurants, or display areas, it creates a warm and inviting atmosphere. Its vintage character makes it a unique decorative accessory as well as a thoughtful gift option for special occasions. Perfectly suited for classic, antique, rustic, and vintage decor styles, this oil lamp adds character, warmth, and sophistication wherever it is displayed.",in stock,new,225.00 USD,https://www.laledevri.com.tr/en/shop/gold-gilded-oil-lamp/,https://emiryildizworks.github.io/laledevri-catalog-images/img-0078.jpg,Lale Devri,7399,,2,,,,,Gold,,,Glass,,,,,,,,,Glass Products,Oil Lamp,
Cİ27,Ipekyolu Oil Lamp,"Carefully crafted details applied onto the oil lamp transform it into a captivating decorative statement piece. Its handcrafted design adds authenticity and character, making it ideal for homes, cafes, boutique spaces, and collectors who appreciate nostalgic decor. The lamp creates a warm, inviting ambiance while serving as a meaningful gift for special occasions. Perfect for vintage, ethnic and classic interiors, this decorative oil lamp combines history, artistry, and elegance in one distinctive design.",in stock,new,221.00 USD,https://www.laledevri.com.tr/en/shop/ipekyolu-oil-lamp/,https://emiryildizworks.github.io/laledevri-catalog-images/img-0079.jpg,Lale Devri,7399,,2,,,,,,,,Glass,,,,,,,,,Glass Products,ipekyolu,
CG25K,Gulizar Red Oil Lamp,"The Gulizar Oil Lamp takes its name from the poetic meaning of “rose garden”, symbolizing elegance, beauty, and timeless charm. Designed as a decorative oil lamp, it adds a warm and romantic glow to any interior. Its refined details and classic form make it a perfect accent piece for living rooms, bedrooms, cafes, and boutique spaces. The nostalgic character of the lamp complements vintage, classic, and ethnic decor styles effortlessly. Whether chosen as a decorative statement or a meaningful gift, the Gulizar Oil Lamp offers a harmonious blend of history, emotion, and aesthetic appeal.",in stock,new,236.00 USD,https://www.laledevri.com.tr/en/shop/gulizar-red-oil-lamp/,https://emiryildizworks.github.io/laledevri-catalog-images/img-0080.jpg,Lale Devri,7399,,50,,,,,Red,,,Glass,,,,,,,,,Collections,Glass Products,
CG25,Gulizar Oil Lamp,"The Gulizar Oil Lamp takes its name from the poetic meaning of “rose garden”, symbolizing elegance, beauty, and timeless charm. Designed as a decorative oil lamp, it adds a warm and romantic glow to any interior. Its refined details and classic form make it a perfect accent piece for living rooms, bedrooms, cafes, and boutique spaces. The nostalgic character of the lamp complements vintage, classic, and ethnic decor styles effortlessly. Whether chosen as a decorative statement or a meaningful gift, the Gulizar Oil Lamp offers a harmonious blend of history, emotion, and aesthetic appeal.",in stock,new,206.00 USD,https://www.laledevri.com.tr/en/shop/gulizar-oil-lamp/,https://emiryildizworks.github.io/laledevri-catalog-images/img-0081.jpg,Lale Devri,7399,,50,,,,,,,,Glass,,,,,,,,,Collections,Glass Products,
GS42,Safiye Sultan Double Row Ring Napkin Holder,Safiye Sultan Ring Napkin Holder from Safiye Sultan series. Original and elegance design.,in stock,new,34.00 USD,https://www.laledevri.com.tr/en/shop/safiye-sultan-double-row-ring-napkin-holder-silver-plated/,https://emiryildizworks.github.io/laledevri-catalog-images/img-0082.jpg,Lale Devri,6324,,50,,,,,,,,Silver Plated,,,,,,,,,Collections,Napkin Holders,
P13,Safiye Sultan Porcelain Coffee Cup Red,Safiye Sultan Porcelain Coffee Cup Red,in stock,new,195.00 USD,https://www.laledevri.com.tr/en/shop/safiye-sultan-porcelain-coffee-cup-red/,https://emiryildizworks.github.io/laledevri-catalog-images/img-0083.jpg,Lale Devri,6049,,50,,,,,Red,,,Porcelain,,,,,,,,,Porcelain Products,,
P14,Safiye Sultan Porcelain Coffee Cup Yellow,Safiye Sultan Porcelain Coffee Cup Yellow,in stock,new,195.00 USD,https://www.laledevri.com.tr/en/shop/safiye-sultan-porcelain-coffee-cup-yellow/,https://emiryildizworks.github.io/laledevri-catalog-images/img-0084.jpg,Lale Devri,6049,,2,,,,,,,,Porcelain,,,,,,,,,Porcelain Products,,
P15,Safiye Sultan Porcelain Coffee Cup Green,Safiye Sultan Porcelain Coffee Cup Green,in stock,new,195.00 USD,https://www.laledevri.com.tr/en/shop/safiye-sultan-porcelain-coffee-cup-green/,https://emiryildizworks.github.io/laledevri-catalog-images/img-0085.jpg,Lale Devri,6049,,1,,,,,Green,,,Porcelain,,,,,,,,,Porcelain Products,,
P11,Safiye Sultan Porcelain Coffee Cup Blue,Safiye Sultan Porcelain Coffee Cup Blue,in stock,new,195.00 USD,https://www.laledevri.com.tr/en/shop/safiye-sultan-porcelain-coffee-cup-blue/,https://emiryildizworks.github.io/laledevri-catalog-images/img-0086.jpg,Lale Devri,6049,,1,,,,,Blue,,,Porcelain,,,,,,,,,Porcelain Products,,
P12,Safiye Sultan Porcelain Coffee Cup Navy,Safiye Sultan Porcelain Coffee Cup Navy,in stock,new,195.00 USD,https://www.laledevri.com.tr/en/shop/safiye-sultan-porcelain-coffee-cup-navy/,https://emiryildizworks.github.io/laledevri-catalog-images/img-0087.jpg,Lale Devri,6049,,50,,,,,Navy,,,Porcelain,,,,,,,,,Porcelain Products,,
P9,Safiye Sultan Porcelain Coffee Cup Pink,Safiye Sultan Porcelain Coffee Cup Pink,in stock,new,140.00 USD,https://www.laledevri.com.tr/en/shop/safiye-sultan-porcelain-coffee-cup-pink/,https://emiryildizworks.github.io/laledevri-catalog-images/img-0088.jpg,Lale Devri,6049,,50,,,,,Pink,,,Porcelain,,,,,,,,,Porcelain Products,,
GT39,Venice Tray 20x20cm,"Perfect for serving coffee, hosting elegant gatherings, or enhancing your interior decor, this tray stands out with its fine craftsmanship and radiant finish. Its timeless design seamlessly complements both classic and contemporary styles, meeting the expectations of high-end customers who appreciate quality and aesthetics.",in stock,new,273.00 USD,https://www.laledevri.com.tr/en/shop/venice-tray-20x20cm/,https://emiryildizworks.github.io/laledevri-catalog-images/img-0089.jpg,Lale Devri,4009,,50,,,,,,,,Silver Plated,,,,,,,,,Serving Trays,Silver-Plated Tableware and Accessories,
TYP-D02,Petra Punch Damask Pillow Case,Elegantly designed and high-quality fabric pillowcases from the Petra collection. Product Info Product: Pillow Case Dimensions: 45 cm x 45 cm Fabric: Cotton Note: The product consists of a pillowcase and the price is per piece.,in stock,new,85.00 USD,https://www.laledevri.com.tr/en/shop/petra-punch-damask-pillow-case/,https://emiryildizworks.github.io/laledevri-catalog-images/img-0090.jpg,Lale Devri,569,,1,76.11 USD,,,,,,,Cotton,,,,,,,,,Bed Textile,Textile Products,
TYP-D01,Petra Punch Design Pillow Case,Elegantly designed and high-quality fabric pillowcases from the Petra collection. Product Info Product: Pillow Case Dimensions: 45 cm x 45 cm Fabric: Cotton Note: The product consists of a pillowcase and the price is per piece.,in stock,new,84.57 USD,https://www.laledevri.com.tr/en/shop/petra-punch-design-pillow-case/,https://emiryildizworks.github.io/laledevri-catalog-images/img-0091.jpg,Lale Devri,569,,2,76.11 USD,,,,,,,Cotton,,,,,,,,,Bed Textile,Textile Products,
CE4,Heybeli Erguvan Tea Saucer,"Heybeli Erguvan Tea Saucer is a refined complement to elegant tea presentations. Adorned with delicate blossoms, it captures the subtle beauty of nature and the romantic spirit of Istanbul. When paired with Heybeli Erguvan Tea Cup, it creates a harmonious and sophisticated tea set, perfect for both everyday indulgence and special occasions. Product Dimensions Diameter: 12.5 cm Weight: 123 gr",in stock,new,94.00 USD,https://www.laledevri.com.tr/en/shop/heybeli-erguvan-tea-saucer/,https://emiryildizworks.github.io/laledevri-catalog-images/img-0092.jpg,Lale Devri,6051,,50,,,,,,,,Glass,,,,,,,,,Collections,Erguvan,
TYP-K02,Petra Punch Cream Pillow Case,Elegantly designed and high-quality fabric pillowcases from the Petra collection. Product Info Product: Pillow Case Dimensions: 45 cm x 45 cm Fabric: Cotton Note: The product consists of a pillowcase and the price is per piece.,in stock,new,84.57 USD,https://www.laledevri.com.tr/en/shop/petra-punch-cream-pillow-case-2/,https://emiryildizworks.github.io/laledevri-catalog-images/img-0093.jpg,Lale Devri,569,,2,76.11 USD,,,,,,,Cotton,,,,,,,,,Bed Textile,Textile Products,
TYP-T01,Petra Punch Turquoise Pillow Case,Elegantly designed and high-quality fabric pillowcases from the Petra collection. Product Info Product: Pillow Case Dimensions: 45 cm x 45 cm Fabric: Cotton Note: The product consists of a pillowcase and the price is per piece.,in stock,new,84.57 USD,https://www.laledevri.com.tr/en/shop/petra-punch-turquoise-pillow-case/,https://emiryildizworks.github.io/laledevri-catalog-images/img-0094.jpg,Lale Devri,569,,2,76.11 USD,,,,Turquoise,,,Cotton,,,,,,,,,Bed Textile,Textile Products,
TYP-H01,Petra Punch Ocher Pillow Case,Elegantly designed and high-quality fabric pillowcases from the Petra collection. Product Info Product: Pillow Case Dimensions: 45 cm x 45 cm Fabric: Cotton Note: The product consists of a pillowcase and the price is per piece.,in stock,new,84.57 USD,https://www.laledevri.com.tr/en/shop/petra-punch-ocher-pillow-case/,https://emiryildizworks.github.io/laledevri-catalog-images/img-0095.jpg,Lale Devri,569,,2,76.11 USD,,,,,,,Cotton,,,,,,,,,Bed Textile,Textile Products,
TYP-K01,Petra Punch Cream Pillow Case,Elegantly designed and high-quality fabric pillowcases from the Petra collection. Product Info Product: Pillow Case Dimensions: 45 cm x 45 cm Fabric: Cotton Note: The product consists of a pillowcase and the price is per piece.,in stock,new,84.57 USD,https://www.laledevri.com.tr/en/shop/petra-punch-cream-pillow-case/,https://emiryildizworks.github.io/laledevri-catalog-images/img-0096.jpg,Lale Devri,569,,2,76.11 USD,,,,,,,Cotton,,,,,,,,,Bed Textile,Textile Products,
TYP-B01,Petra Punch Beige Pillow Case,Elegantly designed and high-quality fabric pillowcases from the Petra collection. Product Info Product: Pillow Case Dimensions: 45 cm x 45 cm Fabric: Cotton Note: The product consists of a pillowcase and the price is per piece.,in stock,new,84.57 USD,https://www.laledevri.com.tr/en/shop/petra-punch-beige-pillow-case/,https://emiryildizworks.github.io/laledevri-catalog-images/img-0097.jpg,Lale Devri,569,,2,76.11 USD,,,,,,,Cotton,,,,,,,,,Bed Textile,Textile Products,
CM04,Meridyen Soft Drink Glass,"Meridyen Soft Drink Glass features an elegant linear decorative design that brings a modern touch to your beverage presentation. It is ideal for serving soft drinks, juices, and other cold beverages. Its minimalist line details add a refined aesthetic to your table, while the durable structure ensures long-lasting use. Perfect for both everyday use and special gatherings. Product sizes Height: 15cm Diameter: 6.5cm Weight: 367g Volume: 293 cc",in stock,new,83.00 USD,https://www.laledevri.com.tr/en/shop/meridyen-soft-drink-glass/,https://emiryildizworks.github.io/laledevri-catalog-images/img-0098.jpg,Lale Devri,2951,,50,,,,,,,,Glass,,,,,,,,,Collections,Glass Products,
CM01,Meridyen Raki Glass,"Meridyen Raki Glass combines traditional enjoyment with a modern linear decorative design. Durable and stylish, it is ideal for both everyday use and special occasions. Product sizes Height: 11.5cm Diameter: 4.5cm Weight: 176g Volume: 133 cc",in stock,new,83.00 USD,https://www.laledevri.com.tr/en/shop/meridyen-raki-glass/,https://emiryildizworks.github.io/laledevri-catalog-images/img-0099.jpg,Lale Devri,2951,,50,,,,,,,,Glass,,,,,,,,,Collections,Glass Products,
CM03,Meridyen Coffee Water Glass,Meridyen Coffee Water Glass features a modern linear decorative design that adds elegance to your table setting. It is perfect for both everyday use and special occasions. Product sizes Height: 9cm Diameter: 5cm Weight: 172g Volume: 93 cc,in stock,new,83.00 USD,https://www.laledevri.com.tr/en/shop/meridyen-coffee-water-glass/,https://emiryildizworks.github.io/laledevri-catalog-images/img-0100.jpg,Lale Devri,2951,,2,,,,,,,,Glass,,,,,,,,,Coffee Water Glass,Collections,
CM02,Meridyen Vodka Glass,Collect special memories with the Vodka Glass that reflects the lines of the Meridyen collection. Product sizes Height: 14cm Diameter: 5cm Weight: 115g Volume: 115 cc,in stock,new,83.00 USD,https://www.laledevri.com.tr/en/shop/meridyen-vodka-glass/,https://emiryildizworks.github.io/laledevri-catalog-images/img-0101.jpg,Lale Devri,2951,,50,,,,,,,,Glass,,,,,,,,,Glass Products,Meridyen,
CS14,Sitare Mirra,"Signature piece inspired touch from our cultural heritage… Sitare Mirra blends tradition with modern elegance. Offered in Plain — Gold and Platinum options, its distinctive design shines on every table with a bold, refined presence. Perfect for serving unforgettable moments. ✨ Product sizes Height: 5cm Diameter: 6cm Weight: 44g Volume: 45cc",in stock,new,83.00 USD,https://www.laledevri.com.tr/en/shop/sitare-mirra-2/,https://emiryildizworks.github.io/laledevri-catalog-images/img-0102.jpg,Lale Devri,6049,,50,,,,,,,,Glass,,,,,,,,,Collections,Glass Products,
CS34P,Sitare Platinum Soft Drink Glass,"Signature piece touch from everyday drinks to special tables… Sitare Soft Drink Glass elevates any beverage with its strong and refined silhouette. Available in Plain — Gold and Platinum options, it brings a radiant elegance to every serving. Star-worthy sophistication in every sip. ✨ Product sizes Height: 15cm Diameter: 6.5cm Weight: 330g Volume: 293 cc",in stock,new,409.00 USD,https://www.laledevri.com.tr/en/shop/sitare-platinum-soft-drink-glass/,https://emiryildizworks.github.io/laledevri-catalog-images/img-0103.jpg,Lale Devri,2951,,50,,,,,,,,Glass,,,,,,,,,Collections,Glass Products,
CS32,Sitare Champagne Glass,"The star sparkle of every celebration… With its tall and refined silhouette, the Sitare Champagne Glass enhances the elegance of your most special moments. Presented in Plain — Gold and Platinum options, its graceful design brings sophistication to every toast. A radiant touch that shines through every celebration. ✨ Product sizes Height: 23cm Diameter: 4.5cm Weight: 164g Volume: 130 cc",in stock,new,150.00 USD,https://www.laledevri.com.tr/en/shop/sitare-champagne-glass/,https://emiryildizworks.github.io/laledevri-catalog-images/img-0104.jpg,Lale Devri,2712,,50,,,,,,,,Glass,,,,,,,,,Champagne Glass,Glass Products,
CE1,Heybeli Erguvan Tea Cup,"Heybeli Erguvan Tea Cup is a refined expression of elegance and nature-inspired design. The glass surface reflects the romantic essence of Istanbul, turning every tea moment into a visual experience. Perfect for both everyday use and sophisticated presentations, this uniquely designed tea glass brings artistry and refinement to your table. Product sizes Height: 9cm Diameter: 5.5cm Weight: 104g Volume: 132 cc",in stock,new,94.00 USD,https://www.laledevri.com.tr/en/shop/heybeli-erguvan-tea-cup/,https://emiryildizworks.github.io/laledevri-catalog-images/img-0105.jpg,Lale Devri,6049,,50,,,,,,,,Glass,,,,,,,,,Collections,Erguvan,
CG05,Gulizar Mirra,Gulizar Mirra is a rare product from the Gulizar collection. Add elegance to your tables. Product sizes Height: 5cm Diameter: 6cm Weight: 47g Volume: 45cc,in stock,new,56.00 USD,https://www.laledevri.com.tr/en/shop/gulizar-mirra-2/,https://emiryildizworks.github.io/laledevri-catalog-images/img-0106.jpg,Lale Devri,6049,,50,,,,,,,,Glass,,,0.047 kg,,,,,,Glass Products,Gulizar,
CG09,Gulizar Coffee Water Glass,A rare product from the Gulizar collection is the Gulizar Coffee Water Glass. Add elegance to your tables. Product sizes Height: 9cm Diameter: 4.5cm Weight: 158g Volume: 85cc,in stock,new,71.00 USD,https://www.laledevri.com.tr/en/shop/gulizar-coffee-water-glass/,https://emiryildizworks.github.io/laledevri-catalog-images/img-0107.jpg,Lale Devri,2951,,50,,,,,,,,Glass,,,,,,,,,Coffee Water Glass,Collections,
CG06,Gulizar Raki Glass,A rare product from the Gulizar collection is the Gulizar Raki Glass. Add elegance to your tables. Product sizes Height: 11.5cm Diameter: 4.5cm Weight: 186g Volume: 140 cc,in stock,new,113.00 USD,https://www.laledevri.com.tr/en/shop/gulizar-raki-glass/,https://emiryildizworks.github.io/laledevri-catalog-images/img-0108.jpg,Lale Devri,2951,,50,,,,,,,,Glass,,,,,,,,,Collections,Glass Products,
CG07,Gulizar Soft Drink Glass,A rare product from the Gulizar collection is the Gulizar Soft Drink Glass. Add elegance to your tables. Product sizes Height: 15cm Diameter: 6.5cm Weight: 330g Volume: 293 cc,in stock,new,188.00 USD,https://www.laledevri.com.tr/en/shop/gulizar-soft-drink-glass/,https://emiryildizworks.github.io/laledevri-catalog-images/img-0109.jpg,Lale Devri,2951,,50,,,,,,,,Glass,,,,,,,,,Glass Products,Gulizar,
CG13,Gulizar Vodka Glass,A rare product from the Gulizar collection is the Gulizar Vodka Glass. Add elegance to your tables. Product sizes Height: 14cm Diameter: 5cm Weight: 155g Volume: 115 cc,in stock,new,109.00 USD,https://www.laledevri.com.tr/en/shop/gulizar-vodka-glass/,https://emiryildizworks.github.io/laledevri-catalog-images/img-0110.jpg,Lale Devri,2951,,50,,,,,,,,Glass,,,,,,,,,Glass Products,Gulizar,
Cİ07,Ipekyolu Mirra,A product that will accompany your most special moments; Mirra and Mirra Platinum from the Ipekyolu series. Product sizes Height: 5cm Diameter: 6cm Weight: 44g Volume: 45cc,in stock,new,56.00 USD,https://www.laledevri.com.tr/en/shop/ipekyolu-mirra-2/,https://emiryildizworks.github.io/laledevri-catalog-images/img-0111.jpg,Lale Devri,6049,,50,,,,,,,,Glass,,,,,,,,,Glass Products,ipekyolu,
Cİ16,Ipekyolu Raki Glass,A product that will accompany your most special moments; Ipekyolu series Raki Glass. It is ready to take its place on your tables with its platinum option. Product sizes Height: 11.5cm Diameter: 4.5cm Weight: 186g Volume: 140 cc,in stock,new,113.00 USD,https://www.laledevri.com.tr/en/shop/ipekyolu-raki-glass/,https://emiryildizworks.github.io/laledevri-catalog-images/img-0112.jpg,Lale Devri,2951,,50,,,,,,,,Glass,,,,,,,,,Collections,Glass Products,
CI23,Ipekyolu Champagne Glass,A product that will accompany your most special moments; Ipekyolu series Champagne Glass is ready to take its place on your tables. Product sizes Height: 24cm Diameter: 4.5cm Weight: 170g,in stock,new,165.00 USD,https://www.laledevri.com.tr/en/shop/ipekyolu-champagne-glass/,https://emiryildizworks.github.io/laledevri-catalog-images/img-0113.jpg,Lale Devri,2712,,50,,,,,,,,Glass,,,,,,,,,Champagne Glass,Glass Products,
CI08,Ipekyolu Coffee Water Glass,A product that will accompany your most special moments; Ipekyolu series Coffee Water Glass is ready to take its place on your tables. Product sizes Height: 9cm Diameter: 4.5cm Weight: 158g Volume: 85cc,in stock,new,71.00 USD,https://www.laledevri.com.tr/en/shop/ipekyolu-coffee-water-glass/,https://emiryildizworks.github.io/laledevri-catalog-images/img-0114.jpg,Lale Devri,2951,,1,,,,,,,,Glass,,,,,,,,,Coffee Water Glass,Collections,
CO2,Okyanus Deniz Yildizi Tea Cup,Okyanus Deniz Yildizi Tea Cup is specially designed for those who want to sip their tea accompanied by the most beautiful views. Product sizes Height: 8cm Diameter: 6cm Weight: 103g Volume: 120 cc,in stock,new,98.00 USD,https://www.laledevri.com.tr/en/shop/okyanus-deniz-yildizi-tea-cup/,https://emiryildizworks.github.io/laledevri-catalog-images/img-0115.jpg,Lale Devri,6049,,50,,,,,,,,Glass,,,,,,,,,Collections,Glass Products,
CK03,Kelebek Mirra,Mirra from the Kelebek collection. Add elegance to your tables with the Gold and Platinum option. Product sizes Height: 5cm Diameter: 6cm Weight: 44g Volume: 45cc,in stock,new,34.00 USD,https://www.laledevri.com.tr/en/shop/kelebek-mirra-2/,https://emiryildizworks.github.io/laledevri-catalog-images/img-0116.jpg,Lale Devri,6049,,50,,,,,,,,Glass,,,,,,,,,Collections,Glass Products,
CK09,Kelebek Raki Glass,Raki Glass from the Kelebek collection. Product sizes Height: 11.5cm Diameter: 4.5cm Weight: 186g Volume: 140 cc,in stock,new,34.00 USD,https://www.laledevri.com.tr/en/shop/kelebek-raki-glass/,https://emiryildizworks.github.io/laledevri-catalog-images/img-0117.jpg,Lale Devri,2951,,50,,,,,,,,Glass,,,,,,,,,Collections,Glass Products,
CP03,Saray Tea Saucer,A very special product from the Saray collection is the Saray Tea Saucer. Product sizes Diameter: 11cm Weight: 93g,in stock,new,105.00 USD,https://www.laledevri.com.tr/en/shop/saray-tea-saucer/,https://emiryildizworks.github.io/laledevri-catalog-images/img-0118.jpg,Lale Devri,6051,,2,,,,,,,,Glass,,,,,,,,,Glass Products,Saray,
CY04,Yonca Tea Cup,"For centuries, the clover has been seen as a symbol of luck, harmony, prosperity, and positive energy. By blending this timeless meaning with a modern design, we aimed to transform each tea glass into a small invitation to happiness. Designed with a subtle clover motif, this beautifully crafted tea glass is perfect for tea lovers who value both style and functionality. The thin glass enhances the visual appeal of your tea while the charming clover design brings elegance to your table. Ideal for everyday use or special gatherings, this durable glass offers long-lasting quality. Combining modern elegance with traditional warmth, it also makes a thoughtful and stylish gift option. Product sizes Height: 8cm Diameter: 6cm Weight: 103-105g Volume: 120 cc",in stock,new,41.00 USD,https://www.laledevri.com.tr/en/shop/yonca-tea-cup/,https://emiryildizworks.github.io/laledevri-catalog-images/img-0119.jpg,Lale Devri,6049,,50,,,,,,,,Glass,,,,,,,,,Collections,Glass Products,
CY08A,Yonca Gold Coffee Water Glass with Handle,Yonca Gold Coffee Water Glass with Handle from Yonca series. Original and elegance design.,in stock,new,111.00 USD,https://www.laledevri.com.tr/en/shop/yonca-gold-coffee-water-glass-with-handle/,https://emiryildizworks.github.io/laledevri-catalog-images/img-0120.jpg,Lale Devri,2951,,1,,,,,Gold,,,Glass,,,,,,,,,Coffee Water Glass,Collections,
CY02A,Heybeli Yonca Tea Cup with Handle,Heybeli Yonca Tea Cup with Handle from Heybeli Yonca series. Original and elegance design.,in stock,new,118.00 USD,https://www.laledevri.com.tr/en/shop/heybeli-yonca-tea-cup-with-handle/,https://emiryildizworks.github.io/laledevri-catalog-images/img-0121.jpg,Lale Devri,6049,,50,,,,,,,,Glass,,,,,,,,,Collections,Glass Products,
GS1,Safiye Sultan Charger Presentation Plate 32cm,"Safiye Sultan Charger Presentation Plate complements fine porcelain collections, crystal accessories, and upscale table arrangements beautifully. It is an exclusive tableware piece designed to bring timeless elegance and luxury to sophisticated table settings. Product Size: D:32cm",in stock,new,487.50 USD,https://www.laledevri.com.tr/en/shop/safiye-sultan-charger-presentation-plate-32cm-silver-plated/,https://emiryildizworks.github.io/laledevri-catalog-images/img-0122.jpg,Lale Devri,3553,,50,,,,,,,,Silver Plated,,,,,,,,,Charger Presentation Plate,Collections,
GS4,Safiye Sultan Bowl,Safiye Sultan Bowl,in stock,new,97.50 USD,https://www.laledevri.com.tr/en/shop/safiye-sultan-bowl-silver-plated/,https://emiryildizworks.github.io/laledevri-catalog-images/img-0123.png,Lale Devri,3498,,1,,,,,,,,Silver Plated,,,,,,,,,Collections,Glassware and Bowls,
GS5,Safiye Sultan Cake Stand,"Safiye Sultan Silver Plated Cake Stand is an elegant serving piece designed for luxury table presentations and prestigious celebrations. Featuring a sophisticated elevated design and radiant silver-plated finish, it creates a refined display for cakes, desserts, pastries, and exclusive sweet presentations. Perfect for weddings, engagement parties, gala dinners, birthdays, luxury hospitality concepts, and premium event styling, this cake stand brings timeless elegance and visual sophistication to every table setting. Product Size: Height: 19cm Diameter: 32cm Weight: 1065gr",in stock,new,536.00 USD,https://www.laledevri.com.tr/en/shop/safiye-sultan-cake-stand-silver-plated/,https://emiryildizworks.github.io/laledevri-catalog-images/img-0124.jpg,Lale Devri,3802,,1,,,,,,,,Silver Plated,,,,,,,,,Collections,Safiye Sultan,
GS6,Safiye Sultan 2 Rack Serve,"Safiye Sultan 2-Tier Silver Plated Serving Stand is an elegant serving piece designed for luxury table presentations and upscale events. Featuring a sophisticated two-tier structure and radiant silver-plated finish, it is perfect for displaying desserts, pastries, chocolates, appetizers, and exclusive treats with refined elegance. Product Size: H: 29cm D: 24cm-32cm",in stock,new,994.50 USD,https://www.laledevri.com.tr/en/shop/safiye-sultan-2-rack-serving-stand-silver-plated/,https://emiryildizworks.github.io/laledevri-catalog-images/img-0125.jpg,Lale Devri,3802,,1,,,,,,,,Silver Plated,,,,,,,,,Collections,Safiye Sultan,
GS8,Safiye Sultan Tea Saucer,Safiye Sultan Tea Saucer Safiye Sultan series. Original and elegance design.,in stock,new,73.00 USD,https://www.laledevri.com.tr/en/shop/safiye-sultan-tea-saucer-silver-plated/,https://emiryildizworks.github.io/laledevri-catalog-images/img-0126.jpg,Lale Devri,6051,,50,,,,,,,,Silver Plated,,,,,,,,,Collections,Safiye Sultan,
GS17,Safiye Sultan Jug,Safiye Sultan Jug Safiye Sultan series. Original and elegance design.,in stock,new,341.00 USD,https://www.laledevri.com.tr/en/shop/safiye-sultan-jug-silver-plated/,https://emiryildizworks.github.io/laledevri-catalog-images/img-0127.jpg,Lale Devri,3330,,1,,,,,,,,Silver Plated,,,,,,,,,Carafes,Collections,
GS22,Safiye Sultan Open Buffet,Safiye Sultan Open Buffet from Safiye Sultan series. Original and elegance design.,in stock,new,536.00 USD,https://www.laledevri.com.tr/en/shop/safiye-sultan-open-buffet-silver-plated/,https://emiryildizworks.github.io/laledevri-catalog-images/img-0128.png,Lale Devri,3498,,1,,,,,,,,Silver Plated,,,,,,,,,Collections,Glassware and Bowls,
GS31,Safiye Sultan Triple Breakfast Serve,Safiye Sultan Triple Breakfast Serve from Safiye Sultan series. Original and elegance design.,in stock,new,439.00 USD,https://www.laledevri.com.tr/en/shop/safiye-sultan-triple-breakfast-serve-silver-plated/,https://emiryildizworks.github.io/laledevri-catalog-images/img-0129.jpg,Lale Devri,3802,,2,,,,,,,,Silver Plated,,,,,,,,,Collections,Safiye Sultan,
GS46,Safiye Sultan Triple Jam Set,Safiye Sultan Triple Jam Bowl from Safiye Sultan series. Original and elegance design.,in stock,new,609.50 USD,https://www.laledevri.com.tr/en/shop/safiye-sultan-triple-jam-set-silver-plated/,https://emiryildizworks.github.io/laledevri-catalog-images/img-0130.jpg,Lale Devri,3498,,2,,,,,,,,Silver Plated,,,,,,,,,Collections,Glassware and Bowls,
GS41,Safiye Sultan Envelope Napkin Holder,"Safiye Sultan Silver Plated Envelope Napkin Holder is an elegant table accessory designed for luxury dining settings and sophisticated event decor. Featuring a refined envelope-inspired form and a radiant silver-plated finish, it transforms napkin presentation into a stylish decortive detail while adding prestige to every table arrangement. Ideal for wedding, engagement celebrations, gala dinners, luxury hospitality concepts, and exclusive events, this piece creates a refined and sophisticated atmosphere.",in stock,new,288.00 USD,https://www.laledevri.com.tr/en/shop/safiye-sultan-envelope-napkin-holder-silver-plated/,https://emiryildizworks.github.io/laledevri-catalog-images/img-0132.jpg,Lale Devri,6324,,2,,,,,,,,Silver Plated,,,,,,,,,Collections,Napkin Holders,
wc-3063,Kanuni Serve with Handle,"Kanuni Serve with handle silver plated serving tray is crafted for sophisticated table presentations and prestigious hospitality settings. Featuring a refined central handle for effortless serving and balanced presentation, this tray delivers both functionality and luxurious aesthetics. More than a serving accessory, it is a premium decorative piece designed for elite tastes and refined entertaining. Product Size: D:21,5cm H:19cm",in stock,new,414.00 USD,https://www.laledevri.com.tr/en/shop/kanuni-serving-with-handle/,https://emiryildizworks.github.io/laledevri-catalog-images/img-0133.jpg,Lale Devri,3802,,50,261.00 USD,,,,,,,Silver Plated,,,,,,,,,Collections,Kanuni,
GKN10,Kanuni Vase,Kanuni Flower Vase from Kanuni series. Original and elegance design.,in stock,new,219.00 USD,https://www.laledevri.com.tr/en/shop/kanuni-vase/,https://emiryildizworks.github.io/laledevri-catalog-images/img-0134.jpg,Lale Devri,602,,50,,,,,,,,Silver Plated,,,0.244 kg,,,,,,Collections,Kanuni,
GKN13,Kanuni Grissini Bowl 16cm,"Perfect for serving Turkish delight, chocolates, nuts, candies, and premium treats, this elegant bowl complements luxury hospitality spaces, exclusive events, weddings, and upscale home decor.",in stock,new,195.00 USD,https://www.laledevri.com.tr/en/shop/kanuni-grissini-bowl-16cm/,https://emiryildizworks.github.io/laledevri-catalog-images/img-0135.jpg,Lale Devri,3498,,50,146.25 USD,,,,,,,Silver Plated,,,,,,,,,Collections,Glassware and Bowls,
GKN15,Kanuni Turkish Delight Mini Bowl,Kanuni Turkish Delight Mini Bowl from Kanuni series. Original and elegance design.,in stock,new,39.00 USD,https://www.laledevri.com.tr/en/shop/kanuni-turkish-delight-mini-bowl/,https://emiryildizworks.github.io/laledevri-catalog-images/img-0136.jpg,Lale Devri,3498,,50,,,,,,,,Silver Plated,,,,,,,,,Collections,Glassware and Bowls,
GKS7,Kosem Embossed Glass,Kosem Embossed Glass from Kosem series. Original and elegance design.,in stock,new,98.00 USD,https://www.laledevri.com.tr/en/shop/kosem-embossed-glass/,https://emiryildizworks.github.io/laledevri-catalog-images/img-0137.jpg,Lale Devri,3498,,50,,,,,,,,Silver Plated,,,,,,,,,Collections,Glassware and Bowls,
GMRD3,Meridyen Vase,Meridyen Vase from Meridyen series. Original and elegance design.,in stock,new,219.00 USD,https://www.laledevri.com.tr/en/shop/meridyen-vase/,https://emiryildizworks.github.io/laledevri-catalog-images/img-0138.jpg,Lale Devri,602,,1,,,,,,,,Silver Plated,,,,,,,,,Collections,Meridyen,
wc-3023,Minimal Standing Serve,Minimal Standing Serve from Minimal series. Original and elegance design.,in stock,new,187.50 USD,https://www.laledevri.com.tr/en/shop/minimal-standing-serve/,https://emiryildizworks.github.io/laledevri-catalog-images/img-0139.png,Lale Devri,3802,,50,,,,,,,,Silver Plated,,,,,,,,,Collections,Minimal,
G24,Minimal Rectangular Flower Bed,Minimal Rectangular Flower Bed from Minimal series. Original and elegance design.,in stock,new,431.00 USD,https://www.laledevri.com.tr/en/shop/minimal-rectangular-flower-bed/,https://emiryildizworks.github.io/laledevri-catalog-images/img-0140.png,Lale Devri,602,,50,,,,,,,,Silver Plated,,,1 kg,,,,,,Collections,Minimal,
GV02,Vektorel Napkin Ring,"Vektorel silver-plated napkin ring is a stylish table accessory designed to bring a modern and elegant touch to your dining table. Its modern design makes it suitable for everyday dining, special occasions, restaurants, and hotel table settings.",in stock,new,37.50 USD,https://www.laledevri.com.tr/en/shop/vektorel-napkin-ring/,https://emiryildizworks.github.io/laledevri-catalog-images/img-0141.jpg,Lale Devri,6324,,50,,,,,,,,Silver Plated,,,0.033 kg,,,,,,Collections,Napkin Holders,
GVn14,Venice Lidded Sugar Bowl,Add elegance to your tables with the Lidded Sugar Bowl from the Venedik series. Product Dimensions Height: 8cm Diameter: 14cm Weight: 528g,in stock,new,302.00 USD,https://www.laledevri.com.tr/en/shop/venice-lidded-sugar-bowl/,https://emiryildizworks.github.io/laledevri-catalog-images/img-0142.jpg,Lale Devri,3498,,1,,,,,,,,Silver Plated,,,0.528 kg,,,,,,Collections,Glassware and Bowls,
GCB01,Casablanca Decorative Bowl,"Defined by its elegant oval silhouette and luminous silver-plated finish, the Casablanca Decorative Bowl elevates floral arrangements with refined sophisticated. Designed to complement both contemporary and classic interiors, it stands as a distinguished piece within the Casablanca Collection. Whether styled as a decorative centerpiece or placed on a console or dining table, it reflects timeless luxury and cohesive design.",in stock,new,731.00 USD,https://www.laledevri.com.tr/en/shop/casablanca-decorative-bowl/,https://emiryildizworks.github.io/laledevri-catalog-images/img-0143.jpg,Lale Devri,602,,1,,,,,,,,Silver Plated,,,,,,,,,Casablanca,Collections,
GCB02,Casablanca Vase,"With its timeless silhouette and luminous finish, the Casablanca Vase brings refined elegance to any interior. Crafted with a silver-plated surface, it complements both modern and classic decor styles. As a distinguished piece of the Casablanca Collection, it reflects cohesive design and understated luxury. Perfect as a standalone decorative accent or styled with floral arrangements.",in stock,new,488.00 USD,https://www.laledevri.com.tr/en/shop/casablanca-vase/,https://emiryildizworks.github.io/laledevri-catalog-images/img-0144.jpg,Lale Devri,602,,1,,,,,,,,Silver Plated,,,0.677 kg,,,,,,Casablanca,Collections,
GO6,Orkide Flower Vase,Add elegance to your tables with the Flower Vase from the Orkide series.,in stock,new,195.00 USD,https://www.laledevri.com.tr/en/shop/flower-vase-orkide-silver-plated/,https://emiryildizworks.github.io/laledevri-catalog-images/img-0145.jpg,Lale Devri,602,,50,,,,,,,,Silver Plated,,,0.281 kg,,,,,,Collections,Orkide,
GO12,Orkide Waterfall Snack Bowl,Add elegance to your tables with the Waterfall Snack Bowl from the Orkide series.,in stock,new,1219.00 USD,https://www.laledevri.com.tr/en/shop/orkide-waterfall-snack-bowl/,https://emiryildizworks.github.io/laledevri-catalog-images/img-0146.jpg,Lale Devri,3802,,1,,,,,,,,Silver Plated,,,1.6 kg,,,,,,Collections,Orkide,
wc-2964,Cheval Blanc Service,Add elegance to your tables with the 2 Deck Service from the Cheval Blanc series.,out of stock,new,468.75 USD,https://www.laledevri.com.tr/en/shop/cheval-blanc-2-deck-service/,https://emiryildizworks.github.io/laledevri-catalog-images/img-0147.jpg,Lale Devri,3802,,0,,,,,,,,Silver Plated,,,,,,,,,Cheval Blanc,Silver-Plated Tableware and Accessories,
GC05,Dinner Spoon 20cm Ciragan Silver Plated,"Dinner Spoon 20 cm Ciragan Silver Plated is crafted for refined table settings, combining elegant design with exceptional craftsmanship. Its balanced structure and ergonomic form provide both comfort and sophistication during dining. The Ciragan Collection takes its name from Ciragan Palace, one of the most magnificent symbols of the 18th-century Tulip Era. With its finely detailed handle and high-quality silver plating, The Ciragan Dinner Spoon 20 cm pairs perfectly with the matching dinner fork and knife from the same collection, creating a distinguished atmosphere for both everyday dining and special occasions.",in stock,new,222.50 USD,https://www.laledevri.com.tr/en/shop/ciragan-dinner-spoon-20cm-silver-plated/,https://emiryildizworks.github.io/laledevri-catalog-images/img-0148.jpg,Lale Devri,3939,,50,,,,,Silver,,,Silver Plated,,,0.057 kg,,,,,,Ciragan,Collections,
GC12,Ciragan Teaspoon,"The Ciragan teaspoon stands out with its elegant design inspired by Ottoman aesthetic, bringing timeless sophistication to modern tables. Its silver-plated surface offers both durability and a refined appearance. Perfect for everyday tea enjoyment as well as special occasions, it provides a comfortable grip with its balanced any finely crafted structure. The Ciragan series takes its name from Çırağan Palace, one of the most important symbols of the Tulip Era of the 18th century.",in stock,new,67.00 USD,https://www.laledevri.com.tr/en/shop/ciragan-teaspoon-silver-plated/,https://emiryildizworks.github.io/laledevri-catalog-images/img-0149.jpg,Lale Devri,3939,,50,,,,,,,,Silver Plated,,,0.017 kg,,,,,,Ciragan,Collections,
GC16,Ciragan Tulip Tong,Add elegance to your tables with the Tulip Tong from the Ciragan series.,in stock,new,517.50 USD,https://www.laledevri.com.tr/en/shop/ciragan-tulip-tong-silver-plated/,https://emiryildizworks.github.io/laledevri-catalog-images/img-0150.jpg,Lale Devri,3802,,2,,,,,,,,Silver Plated,,,0.134 kg,,,,,,Ciragan,Collections,
GC27,Ciragan Soup Ladle,"A statement piece for elegant table settings, the Çırağa Silver-Plated Soup Ladle stands out with its refined design and superior craftsmanship. Its deep, well-balanced bowl ensures effortless serving, while the radiant silver-plated finish enhances the visual appeal of your table. Perfect for fine dining presentations, exclusive gatherings, and those who appreciate a luxurious lifestyle, the Çırağan Soup Ladle is an essential addition to any premium tableware collection. The Ciragan series takes its name from Çırağan Palace, one of the most important symbols of the Tulip Era of the 18th century.",in stock,new,735.00 USD,https://www.laledevri.com.tr/en/shop/ciragan-soup-ladle-silver-plated/,https://emiryildizworks.github.io/laledevri-catalog-images/img-0151.jpg,Lale Devri,3802,,1,,,,,,,,Silver Plated,,,0.152 kg,,,,,,Ciragan,Collections,
GC28,Ciragan Salad Service Set,"The Çırağan Silver-Plated Salad Serving Set is a refined expression of elegance and prestige for sophisticated dining tables. Crafted with meticulous attention to detail, its silver-plated finish seamlessly blends timeless aesthetics with modern refinement. Designed for stylish salad presentation, this fork and spoon set is perfect for formal dining, exclusive gatherings, and luxury table settings. Its high-quality construction ensures durability, while the polished surface adds a radiant touch to every presentation. The Ciragan series takes its name from Çırağan Palace, one of the most important symbols of the Tulip Era of the 18th century.",in stock,new,735.00 USD,https://www.laledevri.com.tr/en/shop/ciragan-salad-service-set-silver-plated/,https://emiryildizworks.github.io/laledevri-catalog-images/img-0152.jpg,Lale Devri,3802,,50,,,,,,,,Silver Plated,,,0.192 kg,,,,,,Ciragan,Collections,
GL20,Lalezar Appetizer Wide Spatula,"The Lalezar Silver-Plated Wide Meze Spatula is designed for those who transform serving into an art form. Crafted with fine workmanship, its silver-plated surface offers both elegance and durability, while the wide spatula design ensures effortless serving of appetizers, spreads, and gourmet selections. Adding a sophisticated touch to your table, this exquisite piece elevates both special occasions and everyday dining. The Lalezar Series takes its name from ‘Lalezar,’ a cultural symbol reflecting the taste and aesthetic sensibilities of the Ottoman Empire during the Westernization period known as the Tulip Era.",in stock,new,202.50 USD,https://www.laledevri.com.tr/en/shop/lalezar-appetizer-wide-spatula/,https://emiryildizworks.github.io/laledevri-catalog-images/img-0153.jpg,Lale Devri,3802,,50,,,,,,,,Silver Plated,,,0.058 kg,,,,,,Collections,Lalezar,
GL26,Lalezar Sauce Ladle,Add elegance to your tables with the Sauce Ladle from the Lalezar series.,in stock,new,279.00 USD,https://www.laledevri.com.tr/en/shop/lalezar-sauce-ladle/,https://emiryildizworks.github.io/laledevri-catalog-images/img-0154.jpg,Lale Devri,675,,1,,,,,,,,Silver Plated,,,0.093 kg,,,,,,Lalezar,Silver-Plated Tableware and Accessories,
GL27,Lalezar Soup Ladle,"A statement piece for elegant table settings, the Lalezar Silver-Plated Soup Ladle stands out with its refined design and superior craftsmanship. Its deep, well-balanced bowl ensures effortless serving, while the radiant silver-plated finish enhances the visual appeal of your table. Perfect for fine dining presentations, exclusive gatherings, and those who appreciate a luxurious lifestyle, the Lalezar Soup Ladle is an essential addition to any premium tableware collection. The Lalezar Series takes its name from ‘Lalezar,’ a cultural symbol reflecting the taste and aesthetic sensibilities of the Ottoman Empire during the Westernization period known as the Tulip Era.",in stock,new,639.00 USD,https://www.laledevri.com.tr/en/shop/lalezar-soup-ladle/,https://emiryildizworks.github.io/laledevri-catalog-images/img-0155.jpg,Lale Devri,3802,,2,,,,,,,,Silver Plated,,,0.152 kg,,,,,,Collections,Lalezar,
GTÇ4,Plain Steel Tray 20x20cm,From Tepsi series Tray Plain. Ready to add elegance to your tables.,in stock,new,24.00 USD,https://www.laledevri.com.tr/en/shop/plain-steel-tray-20x20cm/,https://emiryildizworks.github.io/laledevri-catalog-images/img-0156.jpg,Lale Devri,4009,,50,,,,,,,,Stainless Steel,,,,,,,,,Steel Serving Trays,,
GT45,Venice Double Tray,From Tray series Venice Double Tray. Elegance ready to take its place on your tables.,in stock,new,585.00 USD,https://www.laledevri.com.tr/en/shop/venice-double-tray/,https://emiryildizworks.github.io/laledevri-catalog-images/img-0157.jpg,Lale Devri,4009,,50,,,,,,,,Silver Plated,,,0.691 kg,,,,,,Serving Trays,Silver-Plated Tableware and Accessories,
G23,Minimal Chanel Flower Vase,Minimal koleksiyonundan Çiçeklik ile sofralarınızda Lale Devri’ni yaşayın.,in stock,new,220.00 USD,https://www.laledevri.com.tr/en/shop/minimal-chanel-flower-vase/,https://emiryildizworks.github.io/laledevri-catalog-images/img-0158.jpg,Lale Devri,602,,2,,,,,,,,Silver Plated,,,,,,,,,Collections,Minimal,
GO10,Ring Napkin Holder Orkide Silver Plated,"Ring Napkin Holder Orkide Silver Plated is an elegant table accessory inspired by the graceful beauty of the orchid flower. Its refined design and silver-plated finish add a luxurious touch to any table setting. Product Sizes: Width: 7 cm Length: 3 cm Height: 3,5 cm Gram: 56 gr",in stock,new,49.00 USD,https://www.laledevri.com.tr/en/shop/ring-napkin-holder-orkide-silver-plated/,https://emiryildizworks.github.io/laledevri-catalog-images/img-0159.jpg,Lale Devri,6324,,2,,,,,Silver,,,Silver Plated,,,0.056 kg,,,,,,Collections,Napkin Holders,
wc-5902,"Set of 4 – Dinner Plate 24,5cm Birds of Paradise Porcelain","Dinner Plate Birds of Paradise Porcelain adds elegance and sophistication to your dining table with its modern design and premium porcelain construction. Suitable for both everyday meals and special occasions, it offers a refined presentation for your favorite dishes. Crafted from high-quality porcelain, this dinner plate is designed for durability and long-lasting use. Its clean lines and timeless appearance complement a wide range of table settings and dining styles. Combining functionality with elegance, the Birds of Paradise Dinner Plate is an essential addition to any tableware collection. Product Size: Diameter: 24,5 cm",in stock,new,309.00 USD,https://www.laledevri.com.tr/en/shop/set-of-4-dinner-plate-245cm-birds-of-paradise-porcelain/,https://emiryildizworks.github.io/laledevri-catalog-images/img-0160.jpg,Lale Devri,3553,,50,,,,,,,,Porcelain,,,,,,,,,Dinner Plate,Porcelain Products,
wc-5895,Set of 4 – Dessert Plate 18cm Birds of Paradise Porcelain,"Dessert Plate Birds of Paradise Porcelain is designed to bring elegance and sophistication to your table setting. Crafted from high-quality porcelain, this stylish plate is prefect for serving desserts, cakes, cookies, pastries, and a variety of sweet treats. Its modern design makes it suitable for both everyday use and special occasions. The durable porcelain construction ensures long-lasting performance, while its refined appearance enhances every presentation. Dessert Plate is a perfect addition to your coffee and tea gatherings, combining functionality with timeless elegance. Product Size: Diameter: 18 cm",in stock,new,188.00 USD,https://www.laledevri.com.tr/en/shop/set-of-4-dessert-plate-18cm-birds-of-paradise-porcelain/,https://emiryildizworks.github.io/laledevri-catalog-images/img-0161.jpg,Lale Devri,3553,,50,,,,,,,,Porcelain,,,,,,,,,Dessert Plate,Porcelain Products,
wc-5888,Set of 4 – Espresso Cup Birds of Paradise Porcelain,"Espresso Cup Birds of Paradise combines elegance and aesthetics to enhance your coffee experience. Crafted from high-quality porcelain, our cups help preserve the aroma and temperature of your coffee for longer enjoyment. With its modern and stylish design, it is suitable for use at home, in the office, or during special occasions. Thanks to its compact size, it is an ideal choice for serving espresso, ristretto, and other short coffee varieties. Product Size: Diameter: 5,2 cm Height: 5,5 cm",in stock,new,127.00 USD,https://www.laledevri.com.tr/en/shop/set-of-4-espresso-cups-birds-of-paradise-porcalain/,https://emiryildizworks.github.io/laledevri-catalog-images/img-0162.jpg,Lale Devri,6049,,50,,,,,,,,Porcelain,,,,,,,,,Espresso Cup,Porcelain Products,
GM2,Charger Presentation Plate 24cm Mahpeyker Silver Plated,"Bring timeless elegance and refined luxury to your table setting with the Mahpeyker 32 cm Silver Plated Charger Presentation Plate. Designed for distinguished dining experiences and sophisticated entertaining, its radiant silver-plated finish beautifully reflects light, creating an atmosfere of prestige and exclusivity. Product Size: Diameter: 24 cm",in stock,new,268.00 USD,https://www.laledevri.com.tr/en/shop/charger-presentation-plate-24cm-mahpeyker-silver-plated/,https://emiryildizworks.github.io/laledevri-catalog-images/img-0163.jpg,Lale Devri,3553,,50,,,,,Silver,,,Silver Plated,,,,,,,,,Charger Presentation Plate,Collections,
GM1,Charger Presentation Plate 32cm Mahpeyker Silver Plated,"Bring timeless elegance and refined luxury to your table setting with the Mahpeyker 32 cm Silver Plated Charger Presentation Plate. Designed for distinguished dining experiences and sophisticated entertaining, its radiant silver-plated finish beautifully reflects light, creating an atmosfere of prestige and exclusivity. Product Size: Diameter: 32 cm",in stock,new,488.00 USD,https://www.laledevri.com.tr/en/shop/charger-presentation-plate-32cm-mahpeyker-silver-plated/,https://emiryildizworks.github.io/laledevri-catalog-images/img-0164.jpg,Lale Devri,3553,,1,,,,,Silver,,,Silver Plated,,,,,,,,,Charger Presentation Plate,Collections,
GO16,Candle Cover Orkide Silver Plated,"Combining elegance, functionality, and refined craftsmanship, the Orchid Silver Plated Candle Cover is designed to elevate luxury candle presentations. Adorned with delicately crafted orchid motifs and finished with a radiant silver-plated surface, this exquisite accessory brings sophistication and timeless beauty to any interior. More taht a protective candle cover, it serves as a decorative statement piece that enhances the overall ambiance of a space. Its elegant design complements both contemporary and classic decor styles, making it a distinguished addition to luxury homes, hotels, spas, and exclusive hospitality settings. Inspired by the graceful beauty of orchid and enriched by the brilliance of silver plating, this premium candle cover reflects a commitment to exceptional design and attention to detail. Product Size: Diameter: 8,5 cm",in stock,new,41.00 USD,https://www.laledevri.com.tr/en/shop/candle-cover-orkide-silver-plated/,https://emiryildizworks.github.io/laledevri-catalog-images/img-0165.jpg,Lale Devri,696,,50,,,,,Silver,,,Silver Plated,,,0.105 kg,,,,,,Orkide,Silver-Plated Tableware and Accessories,
