id,title,description,link,image_link,availability,price,sale_price,brand,condition,google_product_category,product_type,identifier_exists,gtin,mpn,material,color,shipping_weight
GO10,Orkide Peçete Halkası Gümüş Kaplama,"Orkide Peçete Halkası, zarif orkide çiçeğinden ilham alan tasarımıyla sofralarınıza şıklık ve estetik katan özel bir masa aksesuarıdır. Gümüş kaplama yüzeyi ve orkide detayları sayesinde masa dekorasyonuna lüks bir dokunuş kazandırır. Ürün Ölçüleri: Yükseklik: 7 cm En: 3 cm Boy: 3,5 cm Ağırlık: 56 gr",https://www.laledevri.com.tr/shop/orkide-pecete-halkasi-gumus-kaplama/,https://emiryildizworks.github.io/laledevri-catalog-images/img-0159.jpg,in stock,2107.00 TRY,,Lale Devri,new,6324,Orkide > Napkin Holders,no,,,Silver Plated,Silver,
wc-5901,"4’lü Set – Starliçe Yemek Tabağı 24,5cm Porselen","Starliçe Porselen Yemek Tabağı, zarif tasarımı ve yüksek kaliteli porselen yapısıyla sofralarınıza şıklık kazandırır. Günlük kullanımın yanı sıra özel davetler ve misafir ağırlamalarında da estetik bir sunum deneyimi sunar. Dayanıklı porselen malzemeden üretilen yemek tabağı, ana yemeklerin servisinde ideal boyutlara sahiptir. Modern ve sade tasarımı sayesinde farklı sofra düzenleriyle uyum sağlar. Starliçe Yemek Tabağı, sofralarınızın vazgeçilmez parçalarından biri olacak. Ürün Ölçüsü: Çap: 24,5 cm",https://www.laledevri.com.tr/shop/4lu-set-starlice-yemek-tabagi-245cm-porselen/,https://emiryildizworks.github.io/laledevri-catalog-images/img-0160.jpg,in stock,13287.00 TRY,,Lale Devri,new,3553,Dinner Plate,no,,,Porcelain,,
wc-5894,4’lü Set – Starliçe Tatlı Tabağı 18cm Porselen,"Starliçe Porselen Tatlı Tabağı, zarif tasarımı ve kaliteli işçiliğiyle sofralarınıza şıklık katmak için tasarlanmıştır. Yüksek kaliteli porselenden üretilen bu özel tabak, tatlı, pasta, kurabiye ve çeşitli ikramların sunumu için idealdir. Modern ve estetik görünümü sayesinde günlük kullanımdan özel davetlere kadar her ortamda rahatlıkla kullanılabilir. Dayanıklı yapısı uzun ömürlü kullanım sunarken, şık tasarımı sunumlarınıza değer katar. Starliçe Tatlı Tabağı, kahve ve çay saatlerinizi daha keyifli hale getiren zarif bir tamamlayıcıdır. Ürün Ölçüsü: Çap: 18 cm",https://www.laledevri.com.tr/shop/4lu-set-starlice-tatli-tabagi-18cm-porselen/,https://emiryildizworks.github.io/laledevri-catalog-images/img-0161.jpg,in stock,8084.00 TRY,,Lale Devri,new,3553,Dessert Plate,no,,,Porcelain,,
wc-5882,4’lü Set – Starliçe Espresso Fincanı Porselen,"Starliçe Espresso Fincanı Porselen, kahve keyfinizi estetik ve zarafetle buluşturur. Yüksek kaliteli porselenden üretilen ürünlerimiz, kahvenizin aromasını ve sıcaklığını korumaya yardımcı olur. Modern ve şık tasarımı sayesinde ev, ofis veya özel davetlerde kullanıma uygundur. Kompakt boyutları sayesinde espresso, ristretto ve kısa kahve çeşitlerinin servisinde ideal bir tercih sunar. Ürün Ölçüleri: Çap: 5,2 cm Yükseklik: 5,5 cm",https://www.laledevri.com.tr/shop/4lu-set-starlice-espresso-fincani-porselen/,https://emiryildizworks.github.io/laledevri-catalog-images/img-0162.jpg,in stock,5461.00 TRY,,Lale Devri,new,6049,Espresso Cup,no,,,Porcelain,,
GM2,Mahpeyker Supla 24cm Gümüş Kaplama,"Sofralarınıza ihtişam ve zamansız bir zarafet kazandıran Mahpeyker Supla, seçkin davetler ve özel sunumlar için tasarlanmıştır. Işığı zarif bir şekilde yansıtan gümüş kaplama yüzeyi, masa dekorasyonunuza sofistike bir dokunuş katarken, estetik ve fonksiyonelliği kusursuz bir uyumla bir araya getirir. Özel günlerden prestijli davetlere kadar her kullanımda fark yaratan Mahpeyker Supla, özenle üretilmiştir. Ürün Ölçüleri: Çap: 24 cm",https://www.laledevri.com.tr/shop/mahpeyker-supla-24cm-gumus-kaplama/,https://emiryildizworks.github.io/laledevri-catalog-images/img-0163.jpg,in stock,11524.00 TRY,,Lale Devri,new,3553,Mahpeyker > Charger Presentation Plate,no,,,Silver Plated,Silver,
GVn04,"Venedik Tencere Servis Kapaklı 22,5cm","Venedik Gümüş Kaplama Tencere Kapaklı Servis, şık sofralar ve profesyonel sunumlar için tasarlanmış premium bir servis ürünüdür. Geniş hacmi sıcak yemek, ana yemek ve özel sunumların estetik şekilde servis edilmesine olanak sağlar. Kapaklı yapısı yemeklerin sıcaklığını korurken aynı zamanda hijyenik ve düzenli bir kullanım sunar. Lüks restoranlar, oteller ve üst segment yaşam alanları için hem dekoratif hem fonksiyonel bir tamamlayıcıdır. Ürün Ölçüsü: Çap:22,5cm",https://www.laledevri.com.tr/shop/venedik-tencere-servis-kapakli-225cm/,https://emiryildizworks.github.io/laledevri-catalog-images/img-0001.jpg,in stock,18877.00 TRY,,Lale Devri,new,3802,Venice > Serving Plates,no,,,Silver Plated,,
GVn21,Venedik Kapaklı Reçellik,"Venedik Gümüş Kaplama Kapaklı Reçellik, kahvaltı ve özel sunum sofralarınız için özel olarak tasarlanmış seçkin bir servis aksesuarıdır. İçerisinde yer alan cam kase sayesinde reçel, bal, sos ve kahvaltılık ürünlerinizi hem hijyenik hem de estetik şekilde sunmanıza olanak sağlar. Kapaklı yapısı ürünlerin tazeliğini korurken sofralarda lüks ve düzenli bir görünüm oluşturur. Oteller, restoranlar için prestijli bir tamamlayıcıdır.",https://www.laledevri.com.tr/shop/venedik-kapakli-recellik/,https://emiryildizworks.github.io/laledevri-catalog-images/img-0002.jpg,in stock,4192.50 TRY,,Lale Devri,new,3498,Venice > Glassware and Bowls,no,,,Silver Plated,,
GVn20,Venedik Baharatlık 4 Bölmeli,"Venedik Gümüş Kaplama 4’lü Baharatlık, sofistike sofralar ve seçkin yaşam alanları için tasarlanmış özel bir sunum aksesuarıdır. Dört Bölmeli fonksiyonel yapısı; tuz, karabiber ve farklı baharat çeşitlerini düzenli, hijyenik ve estetik şekilde sunmanıza olanak sağlar. Lüks restoranlar, oteller, davet sofraları ve premium mutfak dekorasyonları için ideal bir tamamlayıcıdır.",https://www.laledevri.com.tr/shop/venedik-baharatlik-4-bolmeli/,https://emiryildizworks.github.io/laledevri-catalog-images/img-0003.jpg,in stock,34271.00 TRY,,Lale Devri,new,3802,Venice,no,,,Silver Plated,,
GVn19,Venedik Baharatlık 2 Bölmeli,"Venedik Gümüş Kaplama 2’li Baharatlık, zamansız şıklığı ve zarif detaylarıyla sofralarınıza prestij katmak için tasarlanmıştır. Özel davet sofraları, otel konseptleri ve seçkin mutfak dekorasyonları için kusursuz bir tamamlayıcı sunar. İki bölmeli fonksiyonel yapısı sayesinde tuz, karabiber ve özel baharatlarınızı şık bir sunumla muhafaza etmenizi sağlar.",https://www.laledevri.com.tr/shop/venedik-baharatlik-2-bolmeli/,https://emiryildizworks.github.io/laledevri-catalog-images/img-0004.jpg,in stock,20382.00 TRY,,Lale Devri,new,3802,Venice,no,,,Silver Plated,,
GVn17,Venedik Dondurma Kasesi,"Venedik Gümüş Kaplama Dondurma Kasesi, parlak gümüş kaplama yüzeyi ve estetik formu sayesinde dondurma, sobe, tatlı ve özel ikram sunumlarında şık bir atmosfer oluşturur. Bu özel tasarım, hem günlük lüks kullanım hem de seçkin davet sofraları için ideal bir tamamlayıcıdır. Ürün Ölçüleri: Çap:9cm Yükseklik:8cm",https://www.laledevri.com.tr/shop/venedik-dondurma-kasesi/,https://emiryildizworks.github.io/laledevri-catalog-images/img-0005.jpg,in stock,2709.00 TRY,,Lale Devri,new,3498,Venice > Glassware and Bowls,no,,,Silver Plated,,
GVn16,Venedik Şekerlik Küçük Boy,"Venedik Gümüş Kaplama Şekerlik, özel davet sofraları, seçkin sunumlar ve şık yaşam alanları için tasarlandı. Salon, yemek masası, kahve köşesi veya konsol dekorasyonunda sofistike bir atmosfer oluşturan Venedik Şekerlik, hem işlevsel hem de dekoratif kullanım sunar. Prestijli hediye alternatifleri arasında yer alan bu özel tasarım; lüks ev dekorasyonu, klasik aksesuar ve seçkin sunum ürünleri arayanlar için ideal seçimdir. Ürün Ölçüleri: Çap:10,5cm Yükseklik: 5,5cm",https://www.laledevri.com.tr/shop/venedik-sekerlik-kucuk-boy/,https://emiryildizworks.github.io/laledevri-catalog-images/img-0006.jpg,in stock,5676.00 TRY,,Lale Devri,new,3498,Venice > Glassware and Bowls,no,,,Silver Plated,,
GS39,Safiye Sultan Kare Peçetelik Gümüş Kaplama,"Safiye Sultan Kare Peçetelik, şık formu ve göz alıcı gümüş kaplama yüzeyi sayesinde peçete sunumlarını estetik bir detay haline getirirken sofralara prestijli bir görünüm kazandırır. Düğün, nişan, söz, gala daveti, özel yemek organizasyonları ve premium otel sunumlarında sofistike bir atmosfer oluşturur. Ürün Ölçüleri Yükseklik: 17 cm En: 17 cm",https://www.laledevri.com.tr/shop/safiye-sultan-kare-pecetelik-gumus-kaplama/,https://emiryildizworks.github.io/laledevri-catalog-images/img-0007.jpg,in stock,15738.00 TRY,,Lale Devri,new,6324,Safiye Sultan > Napkin Holders,no,,,Silver Plated,,
CPO2A,Saray Kulplu Altın Çay Bardağı,"Klasik çay sunumunu adeta bir sanat eserine dönüştürüyor. Özenle işlenmiş altın rengi desenleri ve estetik kulp detayı ile bu özel tasarım, hem günlük kullanım hem de seçkin davet sofraları için kusursuz bir tercih sunar. Geleneksel Türk çay kültürünü modern ve lüks bir yorumla buluşturan bu bardak, sofralarınıza prestij katmak için tasarlandı. Sevdiklerinize sunacağınız çayın değerini artıran bu özel seri, aynı zamanda şık bir hediye alternatifi olarak da öne çıkar.",https://www.laledevri.com.tr/shop/saray-kulplu-altin-cay-bardagi/,https://emiryildizworks.github.io/laledevri-catalog-images/img-0008.jpg,in stock,7826.00 TRY,,Lale Devri,new,6049,Saray > Tea Cup,no,,,Glass,Gold,
CPO1A,Saray Altın Çay Bardağı,Saray Altın Çay Bardağı,https://www.laledevri.com.tr/shop/saray-altin-cay-bardagi/,https://emiryildizworks.github.io/laledevri-catalog-images/img-0009.jpg,in stock,7568.00 TRY,,Lale Devri,new,6049,Saray > Tea Cup,no,,,Glass,Gold,
CK03A,Kelebek Altın Mırra,Kelebek koleksiyonundan Altın Mırra. Sofralarınıza şıklık katın. Ürün Ölçüleri Yükseklik: 5 cm Çap: 6 cm Ağırlık: 44 gr Hacim: 45 cc,https://www.laledevri.com.tr/shop/kelebek-altin-mirra/,https://emiryildizworks.github.io/laledevri-catalog-images/img-0010.jpg,in stock,3698.00 TRY,,Lale Devri,new,6049,Kelebek > Mirra,no,,,Glass,Gold,
Cİ05P,Heybeli İpekyolu Platin Çay Bardağı,"Heybeli İpekyolu koleksiyonundan Platin Çay Bardağı. Sofralarınıza şıklık katın. Ürün Ölçüleri Yükseklik: 9 cm Çap: 5,5 cm Ağırlık: 104 gr Hacim: 132 cc",https://www.laledevri.com.tr/shop/heybeli-ipekyolu-platin-cay-bardagi/,https://emiryildizworks.github.io/laledevri-catalog-images/img-0011.jpg,in stock,12599.00 TRY,,Lale Devri,new,6049,ipekyolu > Tea Cup,no,,,Glass,,
CS17,Sitare Su Damlası Mırra,Gelenekten ilham alan yıldız dokunuşu… Misafir ağırlamanın en özel anları için seçkin bir dokunuş… ✨ Ürün Ölçüleri Yükseklik: 5 cm Çap: 6 cm Ağırlık: 44 gr Hacim: 45 cc,https://www.laledevri.com.tr/shop/sitare-su-damlasi-mirra/,https://emiryildizworks.github.io/laledevri-catalog-images/img-0012.jpg,in stock,1204.00 TRY,,Lale Devri,new,6049,Sitare > Mirra,no,,,Glass,,
CS16,Sitare Kalp Mırra,Gelenekten ilham alan yıldız dokunuşu… Misafir ağırlamanın en özel anları için seçkin bir dokunuş… ✨ Ürün Ölçüleri Yükseklik: 5 cm Çap: 6 cm Ağırlık: 44 gr Hacim: 45 cc,https://www.laledevri.com.tr/shop/sitare-kalp-mirra/,https://emiryildizworks.github.io/laledevri-catalog-images/img-0013.jpg,in stock,1204.00 TRY,,Lale Devri,new,6049,Sitare > Mirra,no,,,Glass,,
GVn15,Venedik Şekerlik Orta Boy,"Venedik Gümüş Kaplama Şekerlik, özel davet sofraları, seçkin sunumlar ve şık yaşam alanları için tasarlandı. Salon, yemek masası, kahve köşesi veya konsol dekorasyonunda sofistike bir atmosfer oluşturan Venedik Şekerlik, hem işlevsel hem de dekoratif kullanım sunar. Prestijli hediye alternatifleri arasında yer alan bu özel tasarım; lüks ev dekorasyonu, klasik aksesuar ve seçkin sunum ürünleri arayanlar için ideal seçimdir. Ürün Ölçüleri: Çap:12cm Yükseklik: 7cm",https://www.laledevri.com.tr/shop/venedik-sekerlik-orta-boy/,https://emiryildizworks.github.io/laledevri-catalog-images/img-0014.jpg,in stock,7353.00 TRY,,Lale Devri,new,3498,Venice > Glassware and Bowls,no,,,Silver Plated,,
GVn03,Venedik Tencere Servis Kapaklı 28cm,"Venedik Gümüş Kaplama Tencere Kapaklı Servis, şık sofralar ve profesyonel sunumlar için tasarlanmış premium bir servis ürünüdür. Geniş hacmi sıcak yemek, ana yemek ve özel sunumların estetik şekilde servis edilmesine olanak sağlar. Kapaklı yapısı yemeklerin sıcaklığını korurken aynı zamanda hijyenik ve düzenli bir kullanım sunar. Lüks restoranlar, oteller ve üst segment yaşam alanları için hem dekoratif hem fonksiyonel bir tamamlayıcıdır.",https://www.laledevri.com.tr/shop/venedik-tencere-servis-kapakli-28cm/,https://emiryildizworks.github.io/laledevri-catalog-images/img-0016.jpg,in stock,24123.00 TRY,,Lale Devri,new,3802,Venice > Serving Plates,no,,,Silver Plated,,
wc-5001,Başak Kare Amerikan Servis,"40x40cm boyutunda, siyah ketenden üretilmiş Amerikan Servis. Kusursuz dikişleriyle sofranıza zamansız bir zarafet kazandırır. Seçkin masa düzenleri ve özel davetler için ideal bir tercihtir.",https://www.laledevri.com.tr/shop/basak-kare-amerikan-servis/,https://emiryildizworks.github.io/laledevri-catalog-images/img-0043.jpg,in stock,1720.00 TRY,,Lale Devri,new,2547,Placemats,no,,,Cotton,,
wc-4991,Seda Yuvarlak Amerikan Servis,"D.40cm ebatında, ketenden üretilmiş Amerikan Servis. Gümüş rengi nakış detayı ve kusursuz dikişleriyle sofranıza zamansız bir zarafet kazandırır. Seçkin masa düzenleri ve özel davetler için ideal bir tercihtir.",https://www.laledevri.com.tr/shop/seda-yuvarlak-amerikan-servis/,https://emiryildizworks.github.io/laledevri-catalog-images/img-0043.jpg,in stock,1720.00 TRY,,Lale Devri,new,2547,Placemats,no,,,Cotton,,
wc-4981,Kumsal Kare Amerikan Servis,"40x40cm boyutunda, ketenden üretilmiş Amerikan Servis. Ekru rengi nakış detayı ve kusursuz dikişleriyle sofranıza zamansız bir zarafet kazandırır. Seçkin masa düzenleri ve özel davetler için ideal bir tercihtir.",https://www.laledevri.com.tr/shop/kumsal-kare-amerikan-servis/,https://emiryildizworks.github.io/laledevri-catalog-images/img-0046.jpg,in stock,1075.00 TRY,,Lale Devri,new,2547,Placemats,no,,,Cotton,,
GT25,Paris Tepsi 45x31cm,"Gümüş kaplama tepsi, geniş yüzeyi (45x31cm) ile ihtişamlı sunumlar için tasarlanmıştır. Kalabalık davet sofralarında, özel organizasyonlarda veya seçkin sunumlarda fark yaratmak isteyenler için ideal olan bu büyük boy tepsi; geniş hacmi sayesinde birden fazla ürünü şık bir şekilde sunma imkanı sağlar. Klasik zarafeti modern dokunuşlarla birleştiren tasarımı, lüks yaşam alanlarına güçlü bir karakter kazandırır.",https://www.laledevri.com.tr/shop/paris-tepsi-45x31cm/,https://emiryildizworks.github.io/laledevri-catalog-images/img-0021.jpg,in stock,33540.00 TRY,,Lale Devri,new,4009,Paris > Serving Trays,no,,,Silver Plated,,
GT23,Paris Tepsi 22x32cm,"Özel davetlerde, kahve sunumlarında veya dekoratif amaçlı kullanımda fark yaratan bu tepsi; zamansız tasarımı sayesinde klasik ve modern dekorasyonlarla kusursuz uyum sağlar. Bu özel tasarım gümüş kaplama tepsi, sofistike yaşam alanlarına estetik bir dokunuş katmak için tasarlanmıştır.",https://www.laledevri.com.tr/shop/paris-tepsi-22x32cm/,https://emiryildizworks.github.io/laledevri-catalog-images/img-0022.jpg,in stock,19909.00 TRY,,Lale Devri,new,4009,Paris > Serving Trays,no,,,Silver Plated,,
GT20,Paris Tepsi 20x20cm,"Özel davetlerde, kahve sunumlarında veya dekoratif amaçlı kullanımda fark yaratan bu tepsi; zamansız tasarımı sayesinde klasik ve modern dekorasyonlarla kusursuz uyum sağlar. Bu özel tasarım gümüş kaplama tepsi, sofistike yaşam alanlarına estetik bir dokunuş katmak için tasarlanmıştır.",https://www.laledevri.com.tr/shop/paris-tepsi-20x20cm/,https://emiryildizworks.github.io/laledevri-catalog-images/img-0023.jpg,in stock,11739.00 TRY,,Lale Devri,new,4009,Paris > Serving Trays,no,,,Silver Plated,,
GTÇ5,Vektörel Çelik Tepsi 22x32cm,Vektörel Çelik Tepsi 22x32cm,https://www.laledevri.com.tr/shop/vektorel-celik-tepsi-22x32cm/,https://emiryildizworks.github.io/laledevri-catalog-images/img-0024.jpg,in stock,1677.00 TRY,,Lale Devri,new,4009,,no,,,Stainless Steel,,
GTÇ6,Vektörel Çelik Tepsi 20x20cm,Vektörel Çelik Tepsi 20x20cm,https://www.laledevri.com.tr/shop/vektorel-celik-tepsi-20x20cm/,https://emiryildizworks.github.io/laledevri-catalog-images/img-0025.jpg,out of stock,1161.00 TRY,,Lale Devri,new,4009,,no,,,Stainless Steel,,
GTÇ3,Sade Çelik Tepsi 22x32cm,Sade Çelik Tepsi 22x32cm,https://www.laledevri.com.tr/shop/sade-celik-tepsi-22x32cm/,https://emiryildizworks.github.io/laledevri-catalog-images/img-0026.jpg,in stock,1247.00 TRY,,Lale Devri,new,4009,,no,,,Stainless Steel,,
GTÇ1G,Kanuni Gümüş Çelik Tepsi 22x32cm,Kanuni Gümüş Çelik Tepsi 22x32cm,https://www.laledevri.com.tr/shop/kanuni-gumus-celik-tepsi-22x32cm/,https://emiryildizworks.github.io/laledevri-catalog-images/img-0027.jpg,in stock,1892.00 TRY,,Lale Devri,new,4009,Kanuni,no,,,Stainless Steel,Silver,
GTÇ1A,Kanuni Altın Çelik Tepsi 22x32cm,Kanuni Altın Çelik Tepsi 22x32cm,https://www.laledevri.com.tr/shop/kanuni-altin-celik-tepsi-22x32cm/,https://emiryildizworks.github.io/laledevri-catalog-images/img-0028.jpg,in stock,2064.00 TRY,,Lale Devri,new,4009,Kanuni,no,,,Stainless Steel,Gold,
GT44,Venedik Tepsi 45x31cm,"Gümüş kaplama tepsi, geniş yüzeyi (45x31cm) ile ihtişamlı sunumlar için tasarlanmıştır. Kalabalık davet sofralarında, özel organizasyonlarda veya seçkin sunumlarda fark yaratmak isteyenler için ideal olan bu büyük boy tepsi; geniş hacmi sayesinde birden fazla ürünü şık bir şekilde sunma imkanı sağlar. Klasik zarafeti modern dokunuşlarla birleştiren tasarımı, lüks yaşam alanlarına güçlü bir karakter kazandırır.",https://www.laledevri.com.tr/shop/venedik-tepsi-45x31cm/,https://emiryildizworks.github.io/laledevri-catalog-images/img-0029.jpg,in stock,33540.00 TRY,,Lale Devri,new,4009,Venice > Serving Trays,no,,,Silver Plated,,
GT40,Venedik Tepsi 14x32cm,"Gümüş kaplama tepsi, uzun formu (14x32cm) sayesinde şık sunumlar için özel olarak tasarlanmıştır. Özellikle kahve, çay ve ikram sunumlarında fark yaratmak isteyenler için ideal olan bu tepsi; dar ve uzun formu sayesinde hem fonksiyonel kullanım sağlar hem de sofralara sofistike bir dokunuş katar.",https://www.laledevri.com.tr/shop/venedik-tepsi-14x32cm/,https://emiryildizworks.github.io/laledevri-catalog-images/img-0030.jpg,in stock,13631.00 TRY,,Lale Devri,new,4009,Venice > Serving Trays,no,,,Silver Plated,,
GL18,Lalezar Pasta Spatulası 27cm,Lalezar serisinden Pasta Spatulası. Sofralarınızda yerini almaya hazır zerafet.,https://www.laledevri.com.tr/shop/lalezar-pasta-spatulasi-27cm/,https://emiryildizworks.github.io/laledevri-catalog-images/img-0031.jpg,in stock,15480.00 TRY,,Lale Devri,new,3802,Lalezar > Serving Pieces,no,,,Silver Plated,,
GL13,Lalezar Şeker Maşası,Lalezar serisinden Şeker Maşası. Sofralarınızda yerini almaya hazır zerafet.,https://www.laledevri.com.tr/shop/lalezar-seker-masasi/,https://emiryildizworks.github.io/laledevri-catalog-images/img-0032.jpg,in stock,5805.00 TRY,,Lale Devri,new,3802,Lalezar > Serving Pieces,no,,,Silver Plated,,
GL12,Lalezar Çay Kaşığı Gümüş Kaplama,Lalezar Çay Kaşığı Gümüş Kaplama,https://www.laledevri.com.tr/shop/lalezar-cay-kasigi-gumus-kaplama/,https://emiryildizworks.github.io/laledevri-catalog-images/img-0033.jpg,in stock,2515.50 TRY,,Lale Devri,new,3939,Lalezar,no,,,Silver Plated,,
GL09,Lalezar Yemek Bıçağı 24cm Gümüş Kaplama,"Gümüş Kaplama Lalezar Yemek Bıçağı, zarif tasarımı ve üstün işçiliğiyle seçkin sofralar için tasarlanmıştır. Dengeli yapısı ve ergonomik formu sayesinde yemek servisinde hem estetik hem de konforlu bir kullanım sunar. Lalezar Yemek Bıçağı, aynı serinin yemek çatalı ve yemek kaşığıyla mükemmel uyum sağlayarak hem günlük sofralarda hem de özel davetlerde sofistike bir sofra düzeni oluşturmanıza yardımcı olur. Lalezar Koleksiyonu, adını Lale Devri’nde Osmanlı’nın batılaşma sürecinde, zevk ve estetik anlayışını yansıtan kültürel bir sembol olan Lalezar’dan almaktadır.",https://www.laledevri.com.tr/shop/lalezar-yemek-bicagi-24cm-gumus-kaplama/,https://emiryildizworks.github.io/laledevri-catalog-images/img-0034.jpg,in stock,7654.00 TRY,,Lale Devri,new,3844,Lalezar > Cutlery Sets,no,,,Silver Plated,,
GL08,Lalezar Yemek Bıçağı 22cm Gümüş Kaplama,"Gümüş Kaplama Lalezar Yemek Bıçağı, zarif tasarımı ve üstün işçiliğiyle seçkin sofralar için tasarlanmıştır. Dengeli yapısı ve ergonomik formu sayesinde yemek servisinde hem estetik hem de konforlu bir kullanım sunar. Lalezar Yemek Bıçağı, aynı serinin yemek çatalı ve yemek kaşığıyla mükemmel uyum sağlayarak hem günlük sofralarda hem de özel davetlerde sofistike bir sofra düzeni oluşturmanıza yardımcı olur. Lalezar Koleksiyonu, adını Lale Devri’nde Osmanlı’nın batılaşma sürecinde, zevk ve estetik anlayışını yansıtan kültürel bir sembol olan Lalezar’dan almaktadır.",https://www.laledevri.com.tr/shop/lalezar-yemek-bicagi-22cm-gumus-kaplama/,https://emiryildizworks.github.io/laledevri-catalog-images/img-0035.jpg,out of stock,5934.00 TRY,,Lale Devri,new,3844,Lalezar > Cutlery Sets,no,,,Silver Plated,,
GL07,Lalezar Pasta Bıçağı Gümüş Kaplama,"Gümüş Kaplama Lalezar Pasta Bıçağı, zarif tasarımı ve ince işçiliğiyle tatlı sunumlarına seçkin bir dokunuş katmak için tasarlanmıştır. Dengeli yapısı ve ergonomik formu sayesinde pasta, tatlı ve özel sunumlarda konforlu bir kullanım sağlar. Lalezar Pasta Bıçağı, aynı serinin pasta çatalı ve diğer sofra ürünleriyle kusursuz bir uyum sağlayarak hem günlük tatlı sunumlarında hem de özel davet sofralarında rafine bir atmosfer oluşturur. Lalezar Koleksiyonu, adını Lale Devri’nde Osmanlı’nın batılaşma sürecinde, zevk ve estetik anlayışını yansıtan kültürel bir sembol olan Lalezar’dan almaktadır.",https://www.laledevri.com.tr/shop/lalezar-pasta-bicagi-gumus-kaplama/,https://emiryildizworks.github.io/laledevri-catalog-images/img-0036.jpg,out of stock,4773.00 TRY,,Lale Devri,new,3844,Lalezar > Cutlery Sets,no,,,Silver Plated,,
GL06,Lalezar Yemek Kaşığı 21cm Gümüş Kaplama,"Lalezar Yemek Kaşığı Gümüş kaplama, zarif tasarımı ve üstün işçiliğiyle seçkin sofralar için tasarlanmıştır. Dengeli yapısı ve ergonomik formu sayesinde yemek servisinde hem estetik hem de konforlu bir kullanım sunar. Lalezar Yemek Kaşığı, aynı serinin yemek çatalı ve yemek bıçağıyla mükemmel uyum sağlayarak hem günlük sofralarda hem de özel davetlerde sofistike bir sofra düzeni oluşturmanıza yardımcı olur. Lalezar Koleksiyonu, adını Lale Devri’nde Osmanlı’nın batılaşma sürecinde, zevk ve estetik anlayışını yansıtan kültürel bir sembol olan Lalezar’dan almaktadır.",https://www.laledevri.com.tr/shop/lalezar-yemek-kasigi-21cm-gumus-kaplama/,https://emiryildizworks.github.io/laledevri-catalog-images/img-0037.jpg,in stock,10836.00 TRY,,Lale Devri,new,3939,Lalezar > Cutlery Sets,no,,,Silver Plated,,
GL05,Lalezar Yemek Kaşığı 20cm Gümüş Kaplama,"Gümüş Kaplama Lalezar Yemek Kaşığı, zarif tasarımı ve üstün işçiliğiyle seçkin sofralar için tasarlanmıştır. Dengeli yapısı ve ergonomik formu sayesinde yemek servisinde hem estetik hem de konforlu bir kullanım sunar. Lalezar Yemek Kaşığı, aynı serinin yemek çatalı ve yemek bıçağıyla mükemmel uyum sağlayarak hem günlük sofralarda hem de özel davetlerde sofistike bir sofra düzeni oluşturmanıza yardımcı olur. Lalezar Koleksiyonu, adını Lale Devri’nde Osmanlı’nın batılaşma sürecinde, zevk ve estetik anlayışını yansıtan kültürel bir sembol olan Lalezar’dan almaktadır.",https://www.laledevri.com.tr/shop/lalezar-yemek-kasigi-20cm/,https://emiryildizworks.github.io/laledevri-catalog-images/img-0038.jpg,out of stock,8320.50 TRY,,Lale Devri,new,3939,Lalezar > Cutlery Sets,no,,,Silver Plated,,
GL04,Lalezar Pasta Kaşığı Gümüş Kaplama,"Lalezar Pasta Kaşığı Gümüş kaplama, zarif tasarımı ve ince işçiliğiyle tatlı sunumlarına seçkin bir dokunuş katmak için tasarlanmıştır. Dengeli yapısı ve ergonomik formu sayesinde pasta, tatlı ve özel sunumlarda konforlu bir kullanım sağlar. Lalezar Pasta Kaşığı, aynı serinin pasta çatalı ve diğer sofra ürünleriyle kusursuz bir uyum sağlayarak hem günlük tatlı sunumlarında hem de özel davet sofralarında rafine bir atmosfer oluşturur. Lalezar Koleksiyonu, adını Lale Devri’nde Osmanlı’nın batılaşma sürecinde, zevk ve estetik anlayışını yansıtan kültürel bir sembol olan Lalezar’dan almaktadır.",https://www.laledevri.com.tr/shop/lalezar-pasta-kasigi-gumus-kaplama/,https://emiryildizworks.github.io/laledevri-catalog-images/img-0039.jpg,in stock,3870.00 TRY,,Lale Devri,new,3939,Lalezar > Cutlery Sets,no,,,Silver Plated,,
GL03,Lalezar Yemek Çatalı 21cm Gümüş Kaplama,"Lalezar Yemek Çatalı Gümüş kaplama, zarif tasarımı ve dengeli formuyla sofistike sofralar için tasarlanmıştır. İncelikle işlenmiş detayları ve kaliteli gümüş kaplamasıyla her kullanımda estetik ve konforu bir araya getirir. Yemek kaşığı, yemek bıçağı ve diğer Lalezar Koleksiyon parçalarıyla kusursuz bir uyum sağlayarak davet sofralarınıza seçkin bir atmosfer kazandırır. Lalezar Koleksiyonu, adını Lale Devri’nde Osmanlı’nın batılaşma sürecinde, zevk ve estetik anlayışını yansıtan kültürel bir sembol olan Lalezar’dan almaktadır.",https://www.laledevri.com.tr/shop/lalezar-yemek-catali-21cm-gumus-kaplama/,https://emiryildizworks.github.io/laledevri-catalog-images/img-0040.jpg,in stock,8901.00 TRY,,Lale Devri,new,4015,Lalezar > Cutlery Sets,no,,,Silver Plated,,
GL02,Lalezar Yemek Çatalı 20cm Gümüş Kaplama,"Lalezar Yemek Çatalı Gümüş kaplama, zarif tasarımı ve dengeli formuyla sofistike sofralar için tasarlanmıştır. İncelikle işlenmiş detayları ve kaliteli gümüş kaplamasıyla her kullanımda estetik ve konforu bir araya getirir. Yemek kaşığı, yemek bıçağı ve diğer Lalezar Koleksiyon parçalarıyla kusursuz bir uyum sağlayarak davet sofralarınıza seçkin bir atmosfer kazandırır. Lalezar Koleksiyonu, adını Lale Devri’nde Osmanlı’nın batılaşma sürecinde, zevk ve estetik anlayışını yansıtan kültürel bir sembol olan Lalezar’dan almaktadır.",https://www.laledevri.com.tr/shop/lalezar-yemek-catali-20cm-gumus-kaplama/,https://emiryildizworks.github.io/laledevri-catalog-images/img-0041.jpg,out of stock,7353.00 TRY,,Lale Devri,new,4015,Lalezar > Cutlery Sets,no,,,Silver Plated,,
wc-4344,Kafes Yuvarlak Amerikan Servis,"D.38cm ebatında, ketenden üretilmiş Amerikan Servis. Ekru rengi nakış detayı ve kusursuz dikişleriyle sofranıza zamansız bir zarafet kazandırır. Seçkin masa düzenleri ve özel davetler için ideal bir tercihtir.",https://www.laledevri.com.tr/shop/kafes-yuvarlak-amerikan-servis/,https://emiryildizworks.github.io/laledevri-catalog-images/img-0047.jpg,in stock,1505.00 TRY,,Lale Devri,new,2547,Placemats,no,,,Cotton,,
wc-4639,Oya Amerikan Servis,"40x40cm boyutunda, ketenden üretilmiş Amerikan Servis. Dantel detayı ve kusursuz dikişleriyle sofranıza zamansız bir zarafet kazandırır. Seçkin masa düzenleri ve özel davetler için ideal bir tercihtir.",https://www.laledevri.com.tr/shop/oya-amerikan-servis/,https://emiryildizworks.github.io/laledevri-catalog-images/img-0043.jpg,in stock,1720.00 TRY,,Lale Devri,new,2547,Placemats,no,,,Cotton,,
wc-4623,Kanuni Kare Kırmızı Amerikan Servis,"40x40cm boyutunda, ketenden üretilmiş Amerikan Servis. Kırmızı rengi nakış detayı ve kusursuz dikişleriyle sofranıza zamansız bir zarafet kazandırır. Seçkin masa düzenleri ve özel davetler için ideal bir tercihtir.",https://www.laledevri.com.tr/shop/kanuni-kare-kirmizi-amerikan-servis/,https://emiryildizworks.github.io/laledevri-catalog-images/img-0045.jpg,in stock,1591.00 TRY,,Lale Devri,new,2547,Placemats,no,,,Cotton,Green,
wc-4613,Kanuni Kare Yeşil Amerikan Servis,"40x40cm boyutunda, ketenden üretilmiş Amerikan Servis. Yeşil rengi nakış detayı ve kusursuz dikişleriyle sofranıza zamansız bir zarafet kazandırır. Seçkin masa düzenleri ve özel davetler için ideal bir tercihtir.",https://www.laledevri.com.tr/shop/kanuni-kare-yesil-amerikan-servis/,https://emiryildizworks.github.io/laledevri-catalog-images/img-0045.jpg,in stock,1591.00 TRY,,Lale Devri,new,2547,Placemats,no,,,Cotton,Green,
wc-4603,Bozcaada Amerikan Servis,"40x50cm boyutunda, ketenden üretilmiş Amerikan Servis. Lacivert rengi nakış detayı ve kusursuz dikişleriyle sofranıza zamansız bir zarafet kazandırır. Seçkin masa düzenleri ve özel davetler için ideal bir tercihtir.",https://www.laledevri.com.tr/shop/bozcaada-amerikan-servis/,https://emiryildizworks.github.io/laledevri-catalog-images/img-0046.jpg,in stock,1075.00 TRY,,Lale Devri,new,2547,Placemats,no,,,Cotton,,
wc-4581,Kafes Kare Amerikan Servis,"40x40cm boyutunda, ketenden üretilmiş Amerikan Servis. Ekru rengi nakış detayı ve kusursuz dikişleriyle sofranıza zamansız bir zarafet kazandırır. Seçkin masa düzenleri ve özel davetler için ideal bir tercihtir.",https://www.laledevri.com.tr/shop/kafes-kare-amerikan-servis/,https://emiryildizworks.github.io/laledevri-catalog-images/img-0047.jpg,in stock,1505.00 TRY,,Lale Devri,new,2547,Placemats,no,,,Cotton,,
CS29,Sitare Halka Peçetelik,"Sitare cam peçete halkası, sofralarınıza zarafet ve şıklık katmak için tasarlanmıştır. Özel davetler, akşam yemekleri ve günlük sofralarda peçetelerinizi düzenli ve şık bir şekilde sunmanıza yardımcı olur. Ürün Ölçüleri: Çap: 4,5 cm Ağırlık: 36gr",https://www.laledevri.com.tr/shop/sitare-halka-pecetelik/,https://emiryildizworks.github.io/laledevri-catalog-images/img-0048.jpg,in stock,4214.00 TRY,,Lale Devri,new,6324,Sitare > Napkin Holders,no,,,Glass,,
Cİ02P,İpekyolu Platin Halka Peçetelik,"İpekyolu platin peçete halkası, zarif cam dokusu ve platin detaylarıyla sofralarınıza seçkin bir ışıltı kazandırır. Keten peçetelerle mükemmel uyum sağlar ve her masa düzenine sofistike bir dokunuş ekler. Lüks davetler, özel akşam yemekleri ve prestijli masa düzenleri için tasarlanmıştır. Ürün Ölçüleri: Çap: 4,5 cm Ağırlık: 36gr",https://www.laledevri.com.tr/shop/ipekyolu-platin-halka-pecetelik/,https://emiryildizworks.github.io/laledevri-catalog-images/img-0049.jpg,in stock,6450.00 TRY,,Lale Devri,new,6324,ipekyolu > Napkin Holders,no,,,Glass,,
GS43,Safiye Sultan Tek Sıra Halka Peçetelik Gümüş Kaplama,"Safiye Sultan Tek Sıra Halka Peçetelik, seçkin sofralara estetik bir dokunuş katmak üzere tasarlanmıştır. Peçeteleri şık bir şekilde tamamlayan bu özel tasarım, davet sofralarından günlük lüks yaşam alanlarına kadar her ortamda sofistike bir görünüm sunar. Safiye Sultan Koleksiyonu’nun seçkin parçalarından biri olan bu peçetelik, kusursuz masa sunumlarının vazgeçilmez tamamlayıcısıdır. Ürün Ölçüleri Yükseklik: 4 cm En: 4,5 cm Boy: 3,5 cm Ağırlık: 50 – 52 gr",https://www.laledevri.com.tr/shop/safiye-sultan-tek-sira-halka-pecetelik-gumus-kaplama/,https://emiryildizworks.github.io/laledevri-catalog-images/img-0050.jpg,in stock,1075.00 TRY,,Lale Devri,new,6324,Safiye Sultan > Napkin Holders,no,,,Silver Plated,,
GO10A,Orkide Altın Peçete Halkası Gümüş Kaplama,"Orkide Altın Peçete Halkası, zarif orkide çiçeğinden ilham alan tasarımıyla sofralarınıza şıklık ve estetik katan özel bir masa aksesuarıdır. Gümüş kaplama yüzeyi ve ince altın kaplama detayları sayesinde masa dekorasyonuna lüks bir dokunuş kazandırır. Ürün Ölçüleri: Yükseklik: 7 cm En: 3 cm Boy: 3,5 cm Ağırlık: 56 gr",https://www.laledevri.com.tr/shop/orkide-altin-pecete-halkasi-gumus-kaplama/,https://emiryildizworks.github.io/laledevri-catalog-images/img-0051.jpg,in stock,2107.00 TRY,,Lale Devri,new,6324,Orkide > Napkin Holders,no,,,Silver Plated,Gold,
GKN23,Kanuni Peçete Halkası,"Kanuni peçete halkası, gümüş kaplama yüzeyi ve ince işlenmiş gümüş kaplama desen detaylarıyla tasarlanmış seçkin bir masa aksesuarıdır. Gümüşün zarif parlaklığı ile sofralarınıza dengeli ve sofistike bir estetik kazandırır. Ürün Ölçüleri: Yükseklik: 7 cm En: 3 cm Boy: 3,5 cm Ağırlık: 30 gr",https://www.laledevri.com.tr/shop/kanuni-pecete-halkasi/,https://emiryildizworks.github.io/laledevri-catalog-images/img-0052.jpg,in stock,1462.00 TRY,,Lale Devri,new,6324,Kanuni > Napkin Holders,no,,,Silver Plated,,
GKN23A,Kanuni Altın Peçete Halkası,"Kanuni peçete halkası, gümüş kaplama yüzeyi ve ince işlenmiş altın kaplama desen detaylarıyla tasarlanmış seçkin bir masa aksesuarıdır. Gümüşün zarif parlaklığı ile altın motiflerin ihtişamlı dokunuşu, sofralarınıza dengeli ve sofistike bir estetik kazandırır. Ürün Ölçüleri: Yükseklik: 7 cm En: 3 cm Boy: 3,5 cm Ağırlık: 30 gr",https://www.laledevri.com.tr/shop/kanuni-altin-pecete-halkasi/,https://emiryildizworks.github.io/laledevri-catalog-images/img-0053.jpg,in stock,1892.00 TRY,,Lale Devri,new,6324,Kanuni > Napkin Holders,no,,,Silver Plated,Gold,
GVn25,Venedik Yuvarlak Peçete Halkası,"Venedik peçete halkası, sofralarınıza zarif ve klasik bir dokunuş katmak için tasarlanmış özel bir masa aksesuarıdır. İnce işçiliği ve gümüş kaplama yüzeyi sayesinde hem günlük kullanımda hem de özel davetlerde sofralarınıza şıklık kazandırır.",https://www.laledevri.com.tr/shop/venedik-yuvarlak-pecete-halkasi/,https://emiryildizworks.github.io/laledevri-catalog-images/img-0054.jpg,in stock,2709.00 TRY,,Lale Devri,new,6324,Venice > Napkin Holders,no,,,Silver Plated,,
GC08,Çırağan Yemek Bıçağı 22cm Gümüş Kaplama,"Çırağan Yemek Bıçağı 22 cm Gümüş kaplama, zarif tasarımı ve üstün işçiliğiyle seçkin sofralar için tasarlanmıştır. Dengeli yapısı ve ergonomik formu sayesinde yemek servisinde hem estetik hem de konforlu bir kullanım sunar. Adını 18. Yüzyıl Lale Devri’nin en görkemli simgelerinden biri olan Çırağan Sarayı’ndan alan Çırağan Koleksiyonu, incelikli işlenmiş detayları ve kaliteli gümüş kaplamasıyla zamansız bir şıklık sunar. Çırağan Yemek Bıçağı, aynı serinin yemek çatalı ve yemek kaşığıyla mükemmel uyum sağlayarak hem günlük sofralarda hem de özel davetlerde sofistike bir sofra düzeni oluşturmanıza yardımcı olur.",https://www.laledevri.com.tr/shop/ciragan-yemek-bicagi-22cm-gumus-kaplama/,https://emiryildizworks.github.io/laledevri-catalog-images/img-0057.jpg,in stock,6794.00 TRY,,Lale Devri,new,3844,Ciragan > Cutlery Sets,no,,,Silver Plated,,
GC06,Çırağan Yemek Kaşığı 21cm Gümüş Kaplama,"Çırağan Yemek Kaşığı 21 cm Gümüş Kaplama, zarif tasarımı ve üstün işçiliğiyle seçkin sofralar için tasarlanmıştır. Dengeli yapısı ve ergonomik formu sayesinde yemek servisinde hem estetik hem de konforlu bir kullanım sunar. Adını 18. Yüzyıl Lale Devri’nin en görkemli simgelerinden biri olan Çırağan Sarayı’ndan alan Çırağan Koleksiyonu, incelikli işlenmiş detayları ve kaliteli gümüş kaplamasıyla zamansız bir şıklık sunar. Çırağan Yemek Kaşığı 21 cm, aynı serinin yemek çatalı ve yemek bıçağıyla mükemmel uyum sağlayarak hem günlük sofralarda hem de özel davetlerde sofistike bir sofra düzeni oluşturmanıza yardımcı olur.",https://www.laledevri.com.tr/shop/ciragan-yemek-kasigi-21cm-gumus-kaplama/,https://emiryildizworks.github.io/laledevri-catalog-images/img-0059.jpg,in stock,12470.00 TRY,,Lale Devri,new,3939,Ciragan > Cutlery Sets,no,,,Silver Plated,Silver,
GC02,Çırağan Yemek Çatalı 20cm Gümüş Kaplama,"Çırağan Gümüş kaplama Yemek Çatalı, zarif tasarımı ve dengeli formuyla sofistike sofralar için tasarlanmıştır. İncelikle işlenmiş detayları ve kaliteli gümüş kaplamasıyla her kullanımda estetik ve konforu bir araya getirir. Adını, 18.yüzyıl Lale Devri’nin en görkemli simgelerinden biri olan Çırağan Sarayı’ndan almıştır. Yemek kaşığı, yemek bıçağı ve diğer Çırağan Koleksiyon parçalarıyla kusursuz bir uyum sağlayarak davet sofralarınıza seçkin bir atmosfer kazandırır.",https://www.laledevri.com.tr/shop/ciragan-yemek-catali-20cm-gumus-kaplama/,https://emiryildizworks.github.io/laledevri-catalog-images/img-0062.jpg,in stock,8471.00 TRY,,Lale Devri,new,4015,Ciragan > Cutlery Sets,no,,,Silver Plated,Silver,
GM1,Mahpeyker Supla 32cm Gümüş Kaplama,"Sofralarınıza ihtişam ve zamansız bir zarafet kazandıran Mahpeyker Supla, seçkin davetler ve özel sunumlar için tasarlanmıştır. Işığı zarif bir şekilde yansıtan gümüş kaplama yüzeyi, masa dekorasyonunuza sofistike bir dokunuş katarken, estetik ve fonksiyonelliği kusursuz bir uyumla bir araya getirir. Özel günlerden prestijli davetlere kadar her kullanımda fark yaratan Mahpeyker Supla, özenle üretilmiştir. Ürün Ölçüleri: Çap: 32 cm",https://www.laledevri.com.tr/shop/mahpeyker-supla-32cm-gumus-kaplama/,https://emiryildizworks.github.io/laledevri-catalog-images/img-0164.jpg,in stock,20984.00 TRY,,Lale Devri,new,3553,Mahpeyker > Charger Presentation Plate,no,,,Silver Plated,Silver,
GS2,Safiye Sultan Supla 24cm Gümüş Kaplama,"Safiye Sultan Supla, şık detayları sayesinde porselen yemek takımları, kristal aksesuarlar ile kusursuz uyum sağlar. Zarafeti ve ihtişamı aynı sofrada buluşturan özel tasarım bir sunum aksesuarıdır. Düğün, nişan, gala daveti, özel organizasyon ve lüks otel sunumlarında göz alıcı bir tamamlayıcı olarak öne çıkar. Ürün Ölçüleri: Çap:24cm",https://www.laledevri.com.tr/shop/safiye-sultan-supla-24cm-gumus-kaplama/,https://emiryildizworks.github.io/laledevri-catalog-images/img-0064.jpg,in stock,11524.00 TRY,,Lale Devri,new,3553,Safiye Sultan > Charger Presentation Plate,no,,,Silver Plated,,
Cİ05,Heybeli İpekyolu Çay Bardağı,"Heybeli İpekyolu koleksiyonundan Çay Bardağı. Platin seçeneği ile sofralarınıza şıklık katın. Ürün Ölçüleri Yükseklik: 9 cm Çap: 5,5 cm Ağırlık: 104 gr Hacim: 132 cc",https://www.laledevri.com.tr/shop/heybeli-ipekyolu-cay-bardagi-2/,https://emiryildizworks.github.io/laledevri-catalog-images/img-0065.jpg,in stock,3053.00 TRY,,Lale Devri,new,6049,ipekyolu > Tea Cup,no,,,Glass,,
CS08,Sitare Çay Bardağı,"Sitare koleksiyonunun yıldız parçası… Işıltısıyla sofralara zarafet katan Sitare Çay Bardağı, minimalist tasarım anlayışıyla modern lüksü bir araya getirir. Sade — Altın ve Platin seçenekleri ile sunulan bu özel parça, çay sunumlarınıza yıldızlı bir şıklık ekler. Günlük keyiflerde olduğu kadar misafir ağırlarken de sofranızın en parlak tamamlayıcısıdır. ✨ Ürün Ölçüleri Yükseklik: 8 cm Çap: 6 cm Ağırlık: 103 gr Hacim: 120 cc",https://www.laledevri.com.tr/shop/sitare-cay-bardagi-2/,https://emiryildizworks.github.io/laledevri-catalog-images/img-0066.jpg,in stock,5332.00 TRY,,Lale Devri,new,6049,Sitare > Tea Cup,no,,,Glass,,
CS34A,Sitare Altın Meşrubat Bardağı,"Günlük kullanımdan özel sofralara yıldız bir dokunuş… Sitare Meşrubat Bardağı, sade formu ve güçlü duruşuyla her sunuma modern bir şıklık katar. Sade — Altın ve Platin seçenekleri ile sunulan tasarımı, içeceklere ışıltılı bir duruş kazandırır. Her anı değerli kılan yıldız zarafeti… ✨ Ürün Ölçüleri Yükseklik: 15 cm Çap: 6,5 cm Ağırlık: 330 gr Hacim: 293 cc",https://www.laledevri.com.tr/shop/sitare-altin-mesrubat-bardagi/,https://emiryildizworks.github.io/laledevri-catalog-images/img-0067.jpg,in stock,17587.00 TRY,,Lale Devri,new,2951,Sitare > Soft Drink Glass,no,,,Glass,Gold,
CS34,Sitare Meşrubat Bardağı,"Günlük kullanımdan özel sofralara yıldız bir dokunuş… Sitare Meşrubat Bardağı, sade formu ve güçlü duruşuyla her sunuma modern bir şıklık katar. Sade — Altın ve Platin seçenekleri ile sunulan tasarımı, içeceklere ışıltılı bir duruş kazandırır. Her anı değerli kılan yıldız zarafeti… ✨ Ürün Ölçüleri Yükseklik: 15 cm Çap: 6,5 cm Ağırlık: 330 gr Hacim: 293 cc",https://www.laledevri.com.tr/shop/sitare-mesrubat-bardagi/,https://emiryildizworks.github.io/laledevri-catalog-images/img-0068.jpg,in stock,5977.00 TRY,,Lale Devri,new,2951,Sitare > Soft Drink Glass,no,,,Glass,,
CK01P,Kelebek Platin Çay Bardağı,"Kelebek, değişimin, yenilenmenin ve zarafetin sembolüdür. Bu üründe kelebek motifini tercih etmemizin nedeni, çay içme anlarını sadece bir alışkanlık değil, huzurlu ve keyifli bir ritüele dönüştürmektir. Kelebeğin hafifliği ve özgürlüğü, çay molalarınıza pozitif bir enerji ve estetik bir dokunuş katar. Kelebek dekorlu cam çay bardağı, şeffaf camın sadeliğine kelebek motifinin zarafetiyle buluşturur. Ergonomik formu elde rahat bir tutuş sağlar. Hem klasik hem modern sofralara uyum sağlayan bu özel tasarım çay bardağı; misafir sunumlarında, çeyizlerde ve hediyelik olarak tercih edilebilir. Ürün Ölçüleri Yükseklik: 8 cm Çap: 6 cm Ağırlık: 103-105 gr Hacim: 120 cc",https://www.laledevri.com.tr/shop/kelebek-platin-cay-bardagi/,https://emiryildizworks.github.io/laledevri-catalog-images/img-0069.jpg,in stock,4859.00 TRY,,Lale Devri,new,6049,Kelebek > Tea Cup,no,,,Glass,,
CK01A,Kelebek Altın Çay Bardağı,"Kelebek, değişimin, yenilenmenin ve zarafetin sembolüdür. Bu üründe kelebek motifini tercih etmemizin nedeni, çay içme anlarını sadece bir alışkanlık değil, huzurlu ve keyifli bir ritüele dönüştürmektir. Kelebeğin hafifliği ve özgürlüğü, çay molalarınıza pozitif bir enerji ve estetik bir dokunuş katar. Kelebek dekorlu cam çay bardağı, şeffaf camın sadeliğine kelebek motifinin zarafetiyle buluşturur. Ergonomik formu elde rahat bir tutuş sağlar. Hem klasik hem modern sofralara uyum sağlayan bu özel tasarım çay bardağı; misafir sunumlarında, çeyizlerde ve hediyelik olarak tercih edilebilir. Ürün Ölçüleri Yükseklik: 8 cm Çap: 6 cm Ağırlık: 103-105 gr Hacim: 120 cc",https://www.laledevri.com.tr/shop/kelebek-altin-cay-bardagi/,https://emiryildizworks.github.io/laledevri-catalog-images/img-0070.jpg,in stock,4859.00 TRY,,Lale Devri,new,6049,Kelebek > Tea Cup,no,,,Glass,Gold,
CY04,Yonca Çay Bardağı,"Yonca, yüzyıllardır şansın, huzurun, bereketin ve iyi enerjinin simgesi olarak kabul edilir. Biz de bu köklü anlamı modern bir tasarımla buluşturarak, her bardağı küçük bir mutluluk davetiyesi haline getirmeyi amaçladık. Küçük yonca motifine sahip bu özel tasarım çay bardağı, çay severlerin favorisi olacak şekilde hem estetik hem de kullanışlı olarak üretilmiştir. İnce cam yapısı çayın rengini kusursuz şekilde gösterirken, zarif yonca deseni sofranıza şıklık katar. Günlük kullanıma uygun olan bu bardak, misafir ağırlamalarında da göz alıcı bir sunum sağlar. Desenin uzun süre formunu koruması için elde yıkanması tavsiye edilir. Modern ve geleneksel çizgilerin birleştiği bu tasarım, sevdiklerinize hediye etmek için de mükemmel bir seçenektir. Ürün Ölçüleri Yükseklik: 8 cm Çap: 6 cm Ağırlık: 103-105 gr Hacim: 120 cc",https://www.laledevri.com.tr/shop/yonca-cay-bardagi-2/,https://emiryildizworks.github.io/laledevri-catalog-images/img-0119.jpg,in stock,1763.00 TRY,,Lale Devri,new,6049,Yonca > Tea Cup,no,,,Glass,,
CY06,Yonca Mırra,"Yonca desenli mırra, sunumlarınıza hem anlam hem de estetik katar. Cam üzerine işlenen yonca deseni; bereketi, şansı ve zarafeti simgeler. Şeffaf cam yapısı, içeceğin rengini ön plana çıkarır; desenli yüzeyi Sade — Altın ve Platin seçenekleri ile sofralarda dikkat çekici bir detay oluşturur. Kafe, restoran, konuk ağırlama ve özel davetlerde kullanıma uygundur. Anlamlı ve şık bir hediyelik cam ürün olarak da tercih edilir. Ürün Ölçüleri Yükseklik: 5 cm Çap: 6 cm Ağırlık: 44 gr Hacim: 45 cc",https://www.laledevri.com.tr/shop/yonca-mirra-2/,https://emiryildizworks.github.io/laledevri-catalog-images/img-0071.jpg,in stock,1204.00 TRY,,Lale Devri,new,6049,Yonca > Mirra,no,,,Glass,,
CY06P,Yonca Platin Mırra,"Yonca desenli mırra, sunumlarınıza hem anlam hem de estetik katar. Cam üzerine işlenen yonca deseni; bereketi, şansı ve zarafeti simgeler. Şeffaf cam yapısı, içeceğin rengini ön plana çıkarır; desenli yüzeyi ise sofralarda dikkat çekici bir detay oluşturur. Kafe, restoran, konuk ağırlama ve özel davetlerde kullanıma uygundur. Anlamlı ve şık bir hediyelik cam ürün olarak da tercih edilir. Ürün Ölçüleri Yükseklik: 5 cm Çap: 6 cm Ağırlık: 44 gr Hacim: 45 cc",https://www.laledevri.com.tr/shop/yonca-platin-mirra/,https://emiryildizworks.github.io/laledevri-catalog-images/img-0072.jpg,in stock,3483.00 TRY,,Lale Devri,new,6049,Yonca > Mirra,no,,,Glass,,
CY06A,Yonca Altın Mırra,"Yonca desenli mırra, sunumlarınıza hem anlam hem de estetik katar. Cam üzerine işlenen yonca deseni; bereketi, şansı ve zarafeti simgelerken, mırra kültürünün güçlü karakterini şık bir formda yansıtır. Özel tasarımı sayesinde mırra, Türk kahvesi ve geleneksel ikramlar için ideal bir sunum parçasıdır. Şeffaf cam yapısı, içeceğin rengini ön plana çıkarır; desenli yüzeyi ise sofralarda dikkat çekici bir detay oluşturur. Kafe, restoran, konuk ağırlama ve özel davetlerde kullanıma uygundur. Anlamlı ve şık bir hediyelik cam ürün olarak da tercih edilir. Ürün Ölçüleri Yükseklik: 5 cm Çap: 6 cm Ağırlık: 44 gr Hacim: 45 cc",https://www.laledevri.com.tr/shop/yonca-altin-mirra/,https://emiryildizworks.github.io/laledevri-catalog-images/img-0073.jpg,in stock,3483.00 TRY,,Lale Devri,new,6049,Yonca > Mirra,no,,,Glass,Gold,
CY04P,Yonca Platin Çay Bardağı,"Yonca, yüzyıllardır şansın, huzurun, bereketin ve iyi enerjinin simgesi olarak kabul edilir. Biz de bu köklü anlamı modern bir tasarımla buluşturarak, her bardağı küçük bir mutluluk davetiyesi haline getirmeyi amaçladık. Küçük yonca motifine sahip bu özel tasarım çay bardağı, çay severlerin vazgeçilmezlerinden biri olmaya aday. İnce cam yapısı sayesinde çayın rengini mükemmel şekilde gösterirken, zarif yonca detayları sofranıza şıklık katar. Günlük kullanım için ideal olan bu çay bardağı, misafir ağırlamalarında da göz alıcı bir sunum sağlar. Hem modern hem de geleneksel dokunuşları bir arada barındıran bu tasarım, hediye olarak da harika bir seçenektir. Ürün Ölçüleri Yükseklik: 8 cm Çap: 6 cm Ağırlık: 103-105 gr Hacim: 120 cc",https://www.laledevri.com.tr/shop/yonca-platin-cay-bardagi/,https://emiryildizworks.github.io/laledevri-catalog-images/img-0074.jpg,in stock,4859.00 TRY,,Lale Devri,new,6049,Yonca > Tea Cup,no,,,Glass,,
CY04A,Yonca Altın Çay Bardağı,"Yonca, yüzyıllardır şansın, huzurun, bereketin ve iyi enerjinin simgesi olarak kabul edilir. Biz de bu köklü anlamı modern bir tasarımla buluşturarak, her bardağı küçük bir mutluluk davetiyesi haline getirmeyi amaçladık. Küçük yonca motifine sahip bu özel tasarım çay bardağı, çay severlerin favorisi olacak şekilde hem estetik hem de kullanışlı olarak üretilmiştir. İnce cam yapısı çayın rengini kusursuz şekilde gösterirken, zarif yonca deseni sofranıza şıklık katar. Günlük kullanıma uygun olan bu bardak, misafir ağırlamalarında da göz alıcı bir sunum sağlar. Desenin uzun süre formunu koruması için elde yıkanması tavsiye edilir. Modern ve geleneksel çizgilerin birleştiği bu tasarım, sevdiklerinize hediye etmek için de mükemmel bir seçenektir. Ürün Ölçüleri Yükseklik: 8 cm Çap: 6 cm Ağırlık: 103-105 gr Hacim: 120 cc",https://www.laledevri.com.tr/shop/yonca-altin-cay-bardagi/,https://emiryildizworks.github.io/laledevri-catalog-images/img-0075.jpg,in stock,4859.00 TRY,,Lale Devri,new,6049,Yonca > Tea Cup,no,,,Glass,Gold,
CK13A,Kelebek Altın Kandil,"Cam üzerine işlenmiş kelebek detaylarıyla tasarlanan bu dekoratif kandil, yaşam alanlarınıza hem romantik hem de nostaljik bir atmosfer kazandırır. Şeffaf cam yapısı ışığı yumuşak bir şekilde yayarken, kelebek motifi ürüne estetik bir zarafet katar. Gaz lambası olarak kullanılabileceği gibi tamamen dekoratif bir obje olarak da modern, klasik veya vintage dekor stilleriyle mükemmel uyum sağlar. Ev, balkon, kış bahçesi, masa üstü veya özel köşe dekorasyonlarında göz alıcı bir tamamlayıcıdır. Şık bir hediye alternatifi olarak da idealdir.",https://www.laledevri.com.tr/shop/kelebek-altin-kandil/,https://emiryildizworks.github.io/laledevri-catalog-images/img-0076.jpg,in stock,7439.00 TRY,,Lale Devri,new,7399,Kelebek > Oil Lamp,no,,,Glass,Gold,
CK13,Kelebek Kandil,"Cam üzerine işlenmiş kelebek detaylarıyla tasarlanan bu dekoratif kandil, yaşam alanlarınıza hem romantik hem de nostaljik bir atmosfer kazandırır. Şeffaf cam yapısı ışığı yumuşak bir şekilde yayarken, kelebek motifi ürüne estetik bir zarafet katar. Gaz lambası olarak kullanılabileceği gibi tamamen dekoratif bir obje olarak da modern, klasik veya vintage dekor stilleriyle mükemmel uyum sağlar. Ev, balkon, kış bahçesi, masa üstü veya özel köşe dekorasyonlarında göz alıcı bir tamamlayıcıdır. Şık bir hediye alternatifi olarak da idealdir.",https://www.laledevri.com.tr/shop/kelebek-kandil/,https://emiryildizworks.github.io/laledevri-catalog-images/img-0077.jpg,in stock,5977.00 TRY,,Lale Devri,new,7399,Kelebek > Oil Lamp,no,,,Glass,,
C01,Altın Yaldızlı Kandil,"İnce işçilikle hazırlanmış altın yaldız detayları, ürüne hem klasik hem de lüks bir hava kazandırır. Salon, oturma odası, kafe, restoran veya vitrin dekorasyonlarında nostaljik bir atmosfer oluşturmak için ideal bir tercihtir. Hem dekoratif amaçlı hem de özel günlerde anlamlı bir hediye alternatifi olarak öne çıkar. Vintage tasarımı sayesinde klasik, otantik ve rustik dekorasyon stilleriyle mükemmel uyum sağlar. Zamansız şıklığıyla bulunduğu ortama sıcak ve estetik bir dokunuş katar.",https://www.laledevri.com.tr/shop/altin-yaldizli-kandil/,https://emiryildizworks.github.io/laledevri-catalog-images/img-0078.jpg,in stock,9675.00 TRY,,Lale Devri,new,7399,Oil Lamp,no,,,Glass,Gold,
Cİ27,İpekyolu Kandil,"Kandil üzerine uygulanan ince detay işçiliği, ürüne otantik ve göz alıcı bir karakter kazandırır. El işçiliğiyle zenginleştirilen tasarımı sayesinde her ortamda dikkat çeker; salon, çalışma odası, kafe ve butik mekanlarda dekoratif bir odak noktası oluşturur. Nostaljik atmosferi sevenler için ideal olduğu gibi, özel ve anlamlı bir hediye alternatifi olarak da öne çıkar. Klasik, otantik ve vintage dekorasyon stilleriyle mükemmel uyum sağlayan İpekyolu Kandil, geçmişin estetiğini bugüne taşıyan zamansız bir tasarımdır.",https://www.laledevri.com.tr/shop/ipekyolu-kandil/,https://emiryildizworks.github.io/laledevri-catalog-images/img-0079.jpg,in stock,9503.00 TRY,,Lale Devri,new,7399,ipekyolu > Oil Lamp,no,,,Glass,,
CG25K,Gülizar Kırmızı Kandil,"Adını “gül bahçesi” anlamına gelen Gülizar’dan alan bu özel kandil, geçmişin romantik ışığını günümüz dekorasyonuna taşıyor. İnce detayları ve estetik formu sayesinde bulunduğu ortama sıcak, huzurlu ve zarif bir atmosfer kazandırır. Dekoratif amaçlı kullanıma uygun olan Gülizar Kandil; salon, yatak odası, kafe, butik ve vitrin dekorasyonlarında dikkat çekici bir odak noktası oluşturur. Nostaljik tasarımı, klasik ve otantik dekorasyon stilleriyle mükemmel uyum sağlar. Hem kendiniz için şık bir dekor parçası hem de anlamı olan özel bir hediye arayanlar için Gülizar, zamansız ve duygusal bir seçimdir.",https://www.laledevri.com.tr/shop/gulizar-kirmizi-kandil/,https://emiryildizworks.github.io/laledevri-catalog-images/img-0080.jpg,in stock,10148.00 TRY,,Lale Devri,new,7399,Gulizar > Oil Lamp,no,,,Glass,Red,
CG25,Gülizar Kandil,"Adını “gül bahçesi” anlamına gelen Gülizar’dan alan bu özel kandil, geçmişin romantik ışığını günümüz dekorasyonuna taşıyor. İnce detayları ve estetik formu sayesinde bulunduğu ortama sıcak, huzurlu ve zarif bir atmosfer kazandırır. Dekoratif amaçlı kullanıma uygun olan Gülizar Kandil; salon, yatak odası, kafe, butik ve vitrin dekorasyonlarında dikkat çekici bir odak noktası oluşturur. Nostaljik tasarımı, klasik ve otantik dekorasyon stilleriyle mükemmel uyum sağlar. Hem kendiniz için şık bir dekor parçası hem de anlamı olan özel bir hediye arayanlar için Gülizar, zamansız ve duygusal bir seçimdir.",https://www.laledevri.com.tr/shop/gulizar-kandil/,https://emiryildizworks.github.io/laledevri-catalog-images/img-0081.jpg,in stock,8858.00 TRY,,Lale Devri,new,7399,Gulizar > Oil Lamp,no,,,Glass,,
P9,Safiye Sultan Porselen Kahve Fincanı Pembe,"Gümüş tepsilerde, incecik porselen fincanlarda sunulan kahve yalnızca bir içecek değil; dostluğun, sohbetin ve zarafetin sembolüydü. Lale Devri Istanbul, Osmanlı saraylarının zarif geleneğinden ilham alarak, Safiye Sultan kahve fincanlarını tasarladı. Her bir fincan, ustanın emeğiyle şekillenen sabrın ve sevginin izlerini taşıyor. Ürün Özellikleri: Malzeme: Porselen Ürün Ölçüleri: Yükseklik: 5cm – Çap: 7cm Tabak: Çap:11.5cm Ağırlık: 172gr Hacim: 50ml El yapımı İstanbul’da üretildi Fincan içi ve tabak kenarı altın kaplama Ürün içeriği: 1 adet fincan ve tabak Yıkama Talimatları: Yalnızca elde yıkayınız.",https://www.laledevri.com.tr/shop/safiye-sultan-porselen-kahve-fincani-pembe/,https://emiryildizworks.github.io/laledevri-catalog-images/img-0088.jpg,in stock,6020.00 TRY,,Lale Devri,new,6049,,no,,,Porcelain,Pink,
P12,Safiye Sultan Porselen Kahve Fincanı Lacivert,"Gümüş tepsilerde, incecik porselen fincanlarla sunulan kahve yalnızca bir içecek değil; dostluğun, sohbetin ve zarafetin sembolüydü. Lale Devri Istanbul, Osmanlı saraylarının zarif geleneğininden ilham alarak, Safiye Sultan kahve fincanlarını tasarladı. Her bir fincan, ustanın emeğiyle şekillenen sabrın ve sevginin izlerini taşıyor. Ürün Özellikleri: Malzeme: Porselen Ürün Ölçüleri: Fincan: Yükseklik: 5cm – Çap: 7cm Tabak: Çap: 11.5cm Ağırlık: 172 gr Hacim: 50 ml El yapımı İstanbul’da üretildi Fincan içi ve tabak kenarı altın kaplama Ürün içeriği: 1 adet fincan ve tabak Yıkama Talimatları: Yalnızca elde yıkayınız.",https://www.laledevri.com.tr/shop/safiye-sultan-porselen-kahve-fincani-lacivert/,https://emiryildizworks.github.io/laledevri-catalog-images/img-0087.jpg,in stock,8385.00 TRY,,Lale Devri,new,6049,,no,,,Porcelain,Navy,
P11,Safiye Sultan Porselen Kahve Fincanı Mavi,"Gümüş tepsilerde, incecik porselen fincanlarda sunulan kahve yalnızca bir içecek değil; dostluğun, sohbetin ve zarafetin sembolüydü. Lale Devri Istanbul, Osmanlı saraylarının zarif geleneğinden ilham alarak, Safiye Sultan kahve fincanlarını tasarladı. Her bir fincan, ustanın emeğiyle şekillenen sabrın ve sevginin izlerini taşıyor. Ürün Özellikleri: Malzeme: Porselen Ürün Ölçüleri: Yükseklik: 5cm – Çap: 7cm Tabak: Çap:11.5cm Ağırlık: 172gr Hacim: 50ml El yapımı İstanbul’da üretildi Fincan içi ve tabak kenarı altın kaplama Ürün içeriği: 1 adet fincan ve tabak Yıkama Talimatları: Yalnızca elde yıkayınız.",https://www.laledevri.com.tr/shop/safiye-sultan-porselen-kahve-fincani-mavi/,https://emiryildizworks.github.io/laledevri-catalog-images/img-0086.jpg,in stock,8385.00 TRY,,Lale Devri,new,6049,,no,,,Porcelain,Blue,
P15,Safiye Sultan Porselen Kahve Fincanı Yeşil,"Gümüş tepsilerde, incecik porselen fincanlarda sunulan kahve yalnızca bir içecek değil; dostluğun, sohbetin ve zarafetin sembolüydü. Lale Devri Istanbul, Osmanlı saraylarının zarif geleneğinden ilham alarak, Safiye Sultan kahve fincanlarını tasarladı. Her bir fincan, ustanın emeğiyle şekillenen sabrın ve sevginin izlerini taşıyor. Ürün Özellikleri: Malzeme: Porselen Ürün Ölçüleri: Yükseklik: 5cm – Çap: 7cm Tabak: Çap:11.5cm Ağırlık: 172gr Hacim: 50ml El yapımı İstanbul’da üretildi Fincan içi ve tabak kenarı altın kaplama Ürün içeriği: 1 adet fincan ve tabak Yıkama Talimatları: Yalnızca elde yıkayınız.",https://www.laledevri.com.tr/shop/safiye-sultan-porselen-kahve-fincani-yesil/,https://emiryildizworks.github.io/laledevri-catalog-images/img-0085.jpg,in stock,8385.00 TRY,,Lale Devri,new,6049,,no,,,Porcelain,Green,
P14,Safiye Sultan Porselen Kahve Fincanı Sarı,"Gümüş tepsilerde, incecik porselen fincanlarda sunulan kahve yalnızca bir içecek değil; dostluğun, sohbetin ve zarafetin sembolüydü. Lale Devri Istanbul, Osmanlı saraylarının zarif geleneğinden ilham alarak, Safiye Sultan kahve fincanlarını tasarladı. Her bir fincan, ustanın emeğiyle şekillenen sabrın ve sevginin izlerini taşıyor. Ürün Özellikleri: Malzeme: Porselen Ürün Ölçüleri: Yükseklik: 5cm – Çap: 7cm Tabak: Çap:11.5cm Ağırlık: 172gr Hacim: 50ml El yapımı İstanbul’da üretildi Fincan içi ve tabak kenarı altın kaplama Ürün içeriği: 1 adet fincan ve tabak Yıkama Talimatları: Yalnızca elde yıkayınız.",https://www.laledevri.com.tr/shop/safiye-sultan-porselen-kahve-fincani-sari/,https://emiryildizworks.github.io/laledevri-catalog-images/img-0084.jpg,in stock,8385.00 TRY,,Lale Devri,new,6049,,no,,,Porcelain,,
P13,Safiye Sultan Porselen Kahve Fincanı Kırmızı,"Gümüş tepsilerde, incecik porselen fincanlarda sunulan kahve yalnızca bir içecek değil; dostluğun, sohbetin ve zarafetin sembolüydü. Lale Devri Istanbul, Osmanlı saraylarının zarif geleneğinden ilham alarak, Safiye Sultan kahve fincanlarını tasarladı. Her bir fincan, ustanın emeğiyle şekillenen sabrın ve sevginin izlerini taşıyor. Ürün Özellikleri: Malzeme: Porselen Ürün Ölçüleri: Yükseklik: 5cm – Çap: 7cm Tabak: Çap:11.5cm Ağırlık: 172gr Hacim: 50ml El yapımı İstanbul’da üretildi Fincan içi ve tabak kenarı altın kaplama Ürün içeriği: 1 adet fincan ve tabak Yıkama Talimatları: Yalnızca elde yıkayınız.",https://www.laledevri.com.tr/shop/safiye-sultan-porselen-kahve-fincani-kirmizi/,https://emiryildizworks.github.io/laledevri-catalog-images/img-0083.jpg,in stock,8385.00 TRY,,Lale Devri,new,6049,,no,,,Porcelain,Red,
TYP-D02,Petra Punch Damask Yastık Kılıfı,Petra koleksiyonundan zarif tasarımlı ve kaliteli kumaşlı yastık kılıfları. Ürün Bilgisi Ürün: Yastık Kılıfı Ölçüler: 45 cm x 45 cm Kumaş: Koton Not: Ürün yastık kılıfından oluşmaktadır ve adet fiyatıdır.,https://www.laledevri.com.tr/shop/petra-punch-damask-yastik-kilifi/,https://emiryildizworks.github.io/laledevri-catalog-images/img-0090.jpg,in stock,3272.73 TRY,,Lale Devri,new,569,Bed Textile,no,,,Cotton,,
TYP-D01,Petra Punch Dizayn Yastık Kılıfı,Petra koleksiyonundan zarif tasarımlı ve kaliteli kumaşlı yastık kılıfları. Ürün Bilgisi Ürün: Yastık Kılıfı Ölçüler: 45 cm x 45 cm Kumaş: Koton Not: Ürün yastık kılıfından oluşmaktadır ve adet fiyatıdır.,https://www.laledevri.com.tr/shop/petra-punch-dizayn-yastik-kilifi/,https://emiryildizworks.github.io/laledevri-catalog-images/img-0091.jpg,in stock,3272.73 TRY,,Lale Devri,new,569,Bed Textile,no,,,Cotton,,
TYP-K02,Petra Punch Krem Yastık Kılıfı,Petra koleksiyonundan zarif tasarımlı ve kaliteli kumaşlı yastık kılıfları. Ürün Bilgisi Ürün: Yastık Kılıfı Ölçüler: 45 cm x 45 cm Kumaş: Koton Not: Ürün yastık kılıfından oluşmaktadır ve adet fiyatıdır.,https://www.laledevri.com.tr/shop/petra-punch-krem-yastik-kilifi-2/,https://emiryildizworks.github.io/laledevri-catalog-images/img-0093.jpg,in stock,3272.73 TRY,,Lale Devri,new,569,Bed Textile,no,,,Cotton,,
TYP-T01,Petra Punch Turkuaz Yastık Kılıfı,Petra koleksiyonundan zarif tasarımlı ve kaliteli kumaşlı yastık kılıfları. Ürün Bilgisi Ürün: Yastık Kılıfı Ölçüler: 45 cm x 45 cm Kumaş: Koton Not: Ürün yastık kılıfından oluşmaktadır ve adet fiyatıdır.,https://www.laledevri.com.tr/shop/petra-punch-turkuaz-yastik-kilifi/,https://emiryildizworks.github.io/laledevri-catalog-images/img-0094.jpg,in stock,3272.73 TRY,,Lale Devri,new,569,Bed Textile,no,,,Cotton,Turquoise,
TYP-H01,Petra Punch Hardal Yastık Kılıfı,Petra koleksiyonundan zarif tasarımlı ve kaliteli kumaşlı yastık kılıfları. Ürün Bilgisi Ürün: Yastık Kılıfı Ölçüler: 45 cm x 45 cm Kumaş: Koton Not: Ürün yastık kılıfından oluşmaktadır ve adet fiyatıdır.,https://www.laledevri.com.tr/shop/petra-punch-hardal-yastik-kilifi/,https://emiryildizworks.github.io/laledevri-catalog-images/img-0095.jpg,in stock,3272.73 TRY,,Lale Devri,new,569,Bed Textile,no,,,Cotton,,
TYP-K01,Petra Punch Krem Yastık Kılıfı,Petra koleksiyonundan zarif tasarımlı ve kaliteli kumaşlı yastık kılıfları. Ürün Bilgisi Ürün: Yastık Kılıfı Ölçüler: 45 cm x 45 cm Kumaş: Koton Not: Ürün yastık kılıfından oluşmaktadır ve adet fiyatıdır.,https://www.laledevri.com.tr/shop/petra-punch-krem-yastik-kilifi/,https://emiryildizworks.github.io/laledevri-catalog-images/img-0096.jpg,in stock,3272.73 TRY,,Lale Devri,new,569,Bed Textile,no,,,Cotton,,
TYP-B01,Petra Punch Bej Yastık Kılıfı,Petra koleksiyonundan zarif tasarımlı ve kaliteli kumaşlı yastık kılıfları. Ürün Bilgisi Ürün: Yastık Kılıfı Ölçüler: 45 cm x 45 cm Kumaş: Koton Not: Ürün yastık kılıfından oluşmaktadır ve adet fiyatıdır.,https://www.laledevri.com.tr/shop/petra-punch-bej-yastik-kilifi/,https://emiryildizworks.github.io/laledevri-catalog-images/img-0097.jpg,in stock,3272.73 TRY,,Lale Devri,new,569,Bed Textile,no,,,Cotton,,
GT45,Venedik Tepsi 2’li,Tepsi serisinden Venedik 2’li. Sofralarınızda yerini almaya hazır zerafet.,https://www.laledevri.com.tr/shop/venedik-tepsi-2li/,https://emiryildizworks.github.io/laledevri-catalog-images/img-0157.jpg,in stock,25155.00 TRY,,Lale Devri,new,4009,Venice > Serving Trays,no,,,Silver Plated,,
GT39,Venedik Tepsi 20x20cm,"Özel davetlerde, kahve sunumlarında veya dekoratif amaçlı kullanımda fark yaratan bu tepsi; zamansız tasarımı sayesinde klasik ve modern dekorasyonlarla kusursuz uyum sağlar. Bu özel tasarım gümüş kaplama tepsi, sofistike yaşam alanlarına estetik bir dokunuş katmak için tasarlanmıştır.",https://www.laledevri.com.tr/shop/venedik-tepsi-20x20cm/,https://emiryildizworks.github.io/laledevri-catalog-images/img-0089.jpg,in stock,11739.00 TRY,,Lale Devri,new,4009,Venice > Serving Trays,no,,,Silver Plated,,
GTÇ4,Sade Çelik Tepsi 20x20cm,Tepsi serisinden Sade Çelik. Sofralarınızda yerini almaya hazır zerafet.,https://www.laledevri.com.tr/shop/sade-celik-tepsi-20x20cm/,https://emiryildizworks.github.io/laledevri-catalog-images/img-0156.jpg,in stock,1032.00 TRY,,Lale Devri,new,4009,,no,,,Stainless Steel,,
GL27,Lalezar Çorba Kepçesi,"Lalezar Gümüş Kaplama Çorba Kepçesi, estetik ve üstün işçiliği ile öne çıkar. Geniş ve dengeli kepçe formu sayesinde çorba servisinde maksimum konfor sunarken, göz alıcı gümüş kaplama yüzeyi ile sunumlarınıza prestij kazandırır. Dayanıklı malzeme sayesinde uzun ömürlü kullanım sunan bu özel parça, lüks sofraların vazgeçilmez bir unsurudur. Özel davetler ve rafine yaşam tarzını benimseyenler için tasarlanan Lalezar Çorba Kepçesi, şıklığı ve fonksiyonelliği bir araya getirir.",https://www.laledevri.com.tr/shop/lalezar-corba-kepcesi/,https://emiryildizworks.github.io/laledevri-catalog-images/img-0155.jpg,in stock,27477.00 TRY,,Lale Devri,new,3802,Lalezar > Serving Pieces,no,,,Silver Plated,,
GL26,Lalezar Sos Kepçesi,Lalezar serisinden Sos Kepçesi. Sofralarınızda yerini almaya hazır zarafet.,https://www.laledevri.com.tr/shop/lalezar-sos-kepcesi/,https://emiryildizworks.github.io/laledevri-catalog-images/img-0154.jpg,in stock,11997.00 TRY,,Lale Devri,new,675,Lalezar,no,,,Silver Plated,,
GL20,Lalezar Meze Geniş Spatula,"Lalezar Gümüş Kaplama Geniş Meze Spatula, zarif sunumları bir sanat eserine dönüştürmek isteyenler için tasarlandı. Geniş spatula formu mezelerin, sosların ve özel lezzetlerin kolayca servis edilmesini sağlar. Sofralarınıza sofistike bir dokunuş katan bu özel parça, davetlerden günlük kullanıma kadar her anı daha şık hale getirir. Lalezar Serisi, adını Lale Devri’nde Osmanlı’nın batılaşma sürecinde, zevk ve estetik anlayışını yansıtan kültürel bir sembol olan Lalezar’dan almaktadır.",https://www.laledevri.com.tr/shop/lalezar-meze-genis-spatula/,https://emiryildizworks.github.io/laledevri-catalog-images/img-0153.jpg,in stock,8707.50 TRY,,Lale Devri,new,3802,Lalezar > Serving Pieces,no,,,Silver Plated,,
GL01,Lalezar Pasta Çatalı Gümüş Kaplama,"Özel sunumların ve seçkin sofraların zarif tamamlayıcısı olan Lalezar Pasta Çatalı Gümüş Kaplama , estetik ve fonksiyonelliği bir arada sunar. İnce detaylarla tasarlanmış formu ve parlak gümüş kaplama yüzeyi, her pasta servisinde sofistike bir şıklık sağlar. Lalezar Koleksiyonu, adını Lale Devri’nde Osmanlı’nın batılaşma sürecinde, zevk ve estetik anlayışını yansıtan kültürel bir sembol olan Lalezar’dan almaktadır.",https://www.laledevri.com.tr/shop/lalezar-pasta-catali-gumus-kaplama/,https://emiryildizworks.github.io/laledevri-catalog-images/img-0042.jpg,out of stock,3870.00 TRY,,Lale Devri,new,4015,Lalezar > Forks,no,,,Silver Plated,,
GC28,Çırağan Salata Servis Takımı Gümüş Kaplama,"Çırağan Gümüş Kaplama Salata Servis Takımı, sofralarda zarafeti ve prestiji bir araya getiren özel bir tasarımdır. İnce işçilikle üretilmiş gümüş kaplama yüzeyi, klasik estetiği modern dokunuşlarla buluşturur. Salata servisinde şıklığı ön planda tutan bu çatal ve kaşık seti, davet sofraları ve özel organizasyonlar için ideal bir seçimdir. Çırağan Koleksiyonu, adını 18.yüzyılda Lale Devri’nin en önemli simgelerinden sayılan Çırağan Sarayı’ndan almaktadır.",https://www.laledevri.com.tr/shop/ciragan-salata-servis-takimi-gumus-kaplama/,https://emiryildizworks.github.io/laledevri-catalog-images/img-0152.jpg,in stock,31605.00 TRY,,Lale Devri,new,3802,Ciragan > Serving Pieces,no,,,Silver Plated,,
GC27,Çırağan Çorba Kepçesi Gümüş Kaplama,"Sofralarda zarafetin ve ihtişamın en güçlü tamamlayıcılarından biri olan Çırağan Gümüş Kaplama Çorba Kepçesi, estetik tasarımı ve üstün işçiliği ile öne çıkar. Geniş ve dengeli kepçe formu sayesinde çorba servisinde maksimum konfor sunarken, göz alıcı gümüş kaplama yüzeyi ile sunumlarınıza prestij kazandırır. Özel davetler ve rafine yaşam tarzını benimseyenler için tasarlanan Çırağan Çorba Kepçesi, şıklığı ve fonksiyonelliği bir araya getirir. Çırağan Koleksiyonu, adını 18.yüzyılda Lale Devri’nin en önemli simgelerinden sayılan Çırağan Sarayı’ndan almaktadır.",https://www.laledevri.com.tr/shop/ciragan-corba-kepcesi-gumus-kaplama/,https://emiryildizworks.github.io/laledevri-catalog-images/img-0151.jpg,in stock,31605.00 TRY,,Lale Devri,new,3802,Ciragan > Serving Pieces,no,,,Silver Plated,,
GC16,Çırağan Lale Maşa Gümüş Kaplama,Çırağan Lale Maşa Gümüş Kaplama,https://www.laledevri.com.tr/shop/ciragan-lale-masa-gumus-kaplama/,https://emiryildizworks.github.io/laledevri-catalog-images/img-0150.jpg,in stock,22252.50 TRY,,Lale Devri,new,3802,Ciragan > Serving Pieces,no,,,Silver Plated,,
GC12,Çırağan Çay Kaşığı Gümüş Kaplama,"Çırağan Çay Kaşığı Gümüş Kaplama, Osmanlı zarafetini modern sofralara taşıyan özel tasarımıyla dikkat çeker. Gümüş kaplama yüzeyi sayesinde hem estetik hem de dayanıklı bir kullanım sunar. Günlük çay keyfinizden özel davet sofralarınıza kadar her anınıza şıklık katar. İnce işçiliği ve dengeli yapısı ile elde rahat bir tutuş sağlar. Çırağan Koleksiyonu, adını 18.yüzyılda Lale Devri’nin en önemli simgelerinden sayılan Çırağan Sarayı’ndan almaktadır.",https://www.laledevri.com.tr/shop/ciragan-cay-kasigi-gumus-kaplama/,https://emiryildizworks.github.io/laledevri-catalog-images/img-0149.jpg,in stock,2881.00 TRY,,Lale Devri,new,3939,Ciragan > Spoons,no,,,Silver Plated,,
GC09,Çırağan Yemek Bıçağı 24cm Gümüş Kaplama,"Çırağan Yemek Bıçağı 24 cm Gümüş kaplama, zarif tasarımı ve üstün işçiliğiyle seçkin sofralar için tasarlanmıştır. Dengeli yapısı ve ergonomik formu sayesinde yemek servisinde hem estetik hem de konforlu bir kullanım sunar. Adını 18. Yüzyıl Lale Devri’nin en görkemli simgelerinden biri olan Çırağan Sarayı’ndan alan Çırağan Koleksiyonu, incelikli işlenmiş detayları ve kaliteli gümüş kaplamasıyla zamansız bir şıklık sunar. Çırağan Yemek Bıçağı, aynı serinin yemek çatalı ve yemek kaşığıyla mükemmel uyum sağlayarak hem günlük sofralarda hem de özel davetlerde sofistike bir sofra düzeni oluşturmanıza yardımcı olur.",https://www.laledevri.com.tr/shop/ciragan-yemek-bicagi-24cm-gumus-kaplama/,https://emiryildizworks.github.io/laledevri-catalog-images/img-0056.jpg,in stock,8815.00 TRY,,Lale Devri,new,3844,Ciragan > Cutlery Sets,no,,,Silver Plated,,
GC07,Çırağan Pasta Bıçağı Gümüş Kaplama,"Çırağan Pasta Bıçağı Gümüş Kaplama, zarif tasarımı ve ince işçiliğiyle tatlı sunumlarına seçkin bir dokunuş katmak için tasarlanmıştır. Dengeli yapısı ve ergonomik formu sayesinde pasta, tatlı ve özel sunumlarda konforlu bir kullanım sağlar. Adını 18.yüzyıl Lale Devri’nin en görkemli simgelerinden biri olan Çırağan Sarayı’ndan alan Çırağan Koleksiyonu, özenle uygulanan gümüş kaplaması ve zarif detaylarıyla sofralarınıza zamansız bir şıklık katar. Çırağan Pasta Bıçağı, aynı serisin pasta çatalı ve diğer sofra ürünleriyle kusursuz bir uyum sağlayarak hem günlük tatlı sunumlarında hem de özel davet sofralarında rafine bir atmosfer oluşturur.",https://www.laledevri.com.tr/shop/ciragan-pasta-bicagi-gumus-kaplama/,https://emiryildizworks.github.io/laledevri-catalog-images/img-0058.jpg,in stock,5461.00 TRY,,Lale Devri,new,3844,Ciragan > Cutlery Sets,no,,,Silver Plated,Silver,
GC05,Çırağan Yemek Kaşığı 20cm Gümüş Kaplama,"Çırağan Yemek Kaşığı 20 cm Gümüş Kaplama, zarif tasarımı ve üstün işçiliğiyle seçkin sofralar için tasarlanmıştır. Dengeli yapısı ve ergonomik formu sayesinde yemek servisinde hem estetik hem de konforlu bir kullanım sunar. Adını 18. Yüzyıl Lale Devri’nin en görkemli simgelerinden biri olan Çırağan Sarayı’ndan alan Çırağan Koleksiyonu, incelikli işlenmiş detayları ve kaliteli gümüş kaplamasıyla zamansız bir şıklık sunar. Çırağan Yemek Kaşığı 20 cm, aynı serinin yemek çatalı ve yemek bıçağıyla mükemmel uyum sağlayarak hem günlük sofralarda hem de özel davetlerde sofistike bir sofra düzeni oluşturmanıza yardımcı olur.",https://www.laledevri.com.tr/shop/ciragan-yemek-kasigi-20cm-gumus-kaplama/,https://emiryildizworks.github.io/laledevri-catalog-images/img-0148.jpg,in stock,9567.50 TRY,,Lale Devri,new,3939,Ciragan > Cutlery Sets,no,,,Silver Plated,Silver,
GC04,Çırağan Pasta Kaşığı Gümüş Kaplama,"Çırağan Pasta Kaşığı Gümüş Kaplama, zarif tasarımı ve ince işçiliğiyle tatlı sunumlarına seçkin bir dokunuş katmak için tasarlanmıştır. Dengeli yapısı ve ergonomik formu sayesinde pasta, tatlı ve özel sunumlarda konforlu bir kullanım sağlar. Adını 18.yüzyıl Lale Devri’nin en görkemli simgelerinden biri olan Çırağan Sarayı’ndan alan Çırağan Koleksiyonu, özenle uygulanan gümüş kaplaması ve zarif detaylarıyla sofralarınıza zamansız bir şıklık katar. Çırağan Pasta Kaşığı, aynı serisin pasta çatalı ve diğer sofra ürünleriyle kusursuz bir uyum sağlayarak hem günlük tatlı sunumlarında hem de özel davet sofralarında rafine bir atmosfer oluşturur.",https://www.laledevri.com.tr/shop/ciragan-pasta-kasigi-gumus-kaplama/,https://emiryildizworks.github.io/laledevri-catalog-images/img-0060.jpg,in stock,4450.50 TRY,,Lale Devri,new,3939,Ciragan > Cutlery Sets,no,,,Silver Plated,Silver,
GC03,Çırağan Yemek Çatalı 21cm Gümüş Kaplama,"Çırağan Yemek Çatalı 21 cm Gümüş kaplama, zarif tasarımı ve dengeli formuyla sofistike sofralar için tasarlanmıştır. İncelikle işlenmiş detayları ve kaliteli gümüş kaplamasıyla her kullanımda estetik ve konforu bir araya getirir. Adını, 18.yüzyıl Lale Devri’nin en görkemli simgelerinden biri olan Çırağan Sarayı’ndan almıştır. Yemek kaşığı, yemek bıçağı ve diğer Çırağan Koleksiyon parçalarıyla kusursuz bir uyum sağlayarak davet sofralarınıza seçkin bir atmosfer kazandırır.",https://www.laledevri.com.tr/shop/ciragan-yemek-catali-21cm-gumus-kaplama/,https://emiryildizworks.github.io/laledevri-catalog-images/img-0061.jpg,in stock,10234.00 TRY,,Lale Devri,new,4015,Ciragan > Cutlery Sets,no,,,Silver Plated,Silver,
GC01,Çırağan Pasta Çatalı Gümüş Kaplama,"Çırağan Pasta Çatalı Gümüş Kaplama, tatlılar, salatalar veya başlangıçlar için kullanılmak üzere tatlı kaşığı ve bıçak ile kombinlenebilir. Çırağan Serisi, adını 18.yüzyılda Lale Devri’nin en önemli simgelerinden sayılan Çırağan Sarayı’ndan almaktadır.",https://www.laledevri.com.tr/shop/ciragan-pasta-catali-gumus-kaplama/,https://emiryildizworks.github.io/laledevri-catalog-images/img-0063.jpg,in stock,4450.50 TRY,,Lale Devri,new,4015,Ciragan > Cutlery Sets,no,,,Silver Plated,Silver,
GO16,Orkide Mum Kapağı Gümüş Kaplama,"Zarafetin ve estetik detayların buluştuğu Orkide Mum Kapağı Gümüş Kaplama, yaşam alanlarına sofistike bir dokunuş katmak için tasarlanmıştır. İncelikle işlenmiş orkide motifleri ve göz alıcı gümüş kaplama yüzeyi, dekorasyonunuza lüks ve seçkin bir görünüm kazandırır. Dekoratif mumların şıklığını tamamlayan bu özel tasarım kapak, yalnızca koruyucu bir aksesuar olmanın ötesinde, bulunduğu ortama estetik değer katan prestijli bir dekorasyon unsurudur. Orkidenin zarafetini gümüşün asil ışıltısıyla buluşturan bu özel parça, dekorasyonunda kalite ve detay arayanlar için tasarlanmıştır. Ürün Ölçüsü: Çap: 8,5 cm",https://www.laledevri.com.tr/shop/orkide-mum-kapagi-gumus-kaplama/,https://emiryildizworks.github.io/laledevri-catalog-images/img-0165.jpg,in stock,1763.00 TRY,,Lale Devri,new,696,Orkide,no,,,Silver Plated,Silver,
GO12,Orkide Şelale Çerezlik,Orkide Şelale Çerezlik,https://www.laledevri.com.tr/shop/orkide-selale-cerezlik/,https://emiryildizworks.github.io/laledevri-catalog-images/img-0146.jpg,in stock,52417.00 TRY,,Lale Devri,new,3802,Orkide > Serving Plates,no,,,Silver Plated,,
GO6,Orkide Çiçeklik Gümüş Kaplama,"Doğanın zarafetinden ilham alan Orkide Çiçeklik Gümüş Kaplama, yaşam alanlarına estetik ve prestij kazandırmak için tasarlanmıştır. Gövdesini süsleyen zarif orkide motifleri, gümüş kaplamanın göz alıcı parlaklığıyla birleşerek dekorasyona sofistike bir karakter kazandırır. Taze çiçekler, yapay aranjmanlar veya tek başına dekoratif bir obje olarak kullanılabilen bu özel tasarım çiçeklik, klasik ve modern mekanlarla kusursuz uyum sağlar. İnce işçiliği ve seçkin detaylarıyla dikkat çeken Orkide Çiçeklik, ev dekorasyonundan otel ve davet mekanlarına kadar farklı kullanım alanlarına lüks bir görünüm sunar. Zamansız tasarımıyla dekorasyonun vazgeçilmez parçalarından biri olmaya aday olan bu özel ürün, yaşam alanlarına sanatsal bir dokunuş katarken seçkin zevklerin de bir yansımasıdır. Ürün Ölçüleri: Çap: 11 cm Yükseklik: 15 cm Gram: 275 gr",https://www.laledevri.com.tr/shop/orkide-ciceklik-gumus-kaplama/,https://emiryildizworks.github.io/laledevri-catalog-images/img-0145.jpg,in stock,8385.00 TRY,,Lale Devri,new,602,Orkide > Vases,no,,,Silver Plated,,
GCB02,Casablanca Vazo,"Zamansız tasarımı ve parlak yüzeyiyle Casablanca Vazo, yaşam alanlarına sofistike bir ışıltı katar. Gümüş kaplama gövdesi, modern ve klasik dekorasyonlarla kusursuz uyum sağlar. Bu özel tasarım, Casablanca Serisi’nin seçkin bir parçası olarak koleksiyon bütünlüğünü yansıtır. Tek başına dekoratif obje olarak ya da çiçek aranjmanlarıyla birlikte zarif bir vurgu oluşturur.",https://www.laledevri.com.tr/shop/casablanca-vazo/,https://emiryildizworks.github.io/laledevri-catalog-images/img-0144.jpg,in stock,20984.00 TRY,,Lale Devri,new,602,Casablanca > Vases,no,,,Silver Plated,,
GCB01,Casablanca Oval Çiçeklik,"Casablanca Oval Çiçeklik, yaşam alanlarına sofistike bir dokunuş katar. Modern ve klasik dekorasyon stilleriyle uyum sağlayan tasarımı, çiçek aranjmanlarını şık bir sunuma dönüştürür. Bu özel parça, Casablanca Serisi’nin bütüncül estetiğini yansıtan seçkin tasarımlarından biridir. Tek başına dekoratif obje olarak ya da masa ve konsol üzerinde tamamlayıcı aksesuar olarak kullanılabilir.",https://www.laledevri.com.tr/shop/casablanca-oval-ciceklik/,https://emiryildizworks.github.io/laledevri-catalog-images/img-0143.jpg,in stock,31433.00 TRY,,Lale Devri,new,602,Casablanca > Vases,no,,,Silver Plated,,
GVn14,Venedik Kapaklı Şekerlik,Venedik serisinden Kapaklı Şekerlik. Ürün Ölçüler Yükseklik: 8 cm Çap: 14 cm Ağırlık: 528 gr,https://www.laledevri.com.tr/shop/venedik-kapakli-sekerlik/,https://emiryildizworks.github.io/laledevri-catalog-images/img-0142.jpg,in stock,12986.00 TRY,,Lale Devri,new,3498,Venice > Glassware and Bowls,no,,,Silver Plated,,
GVn06,Venedik Salata Kasesi,"Venedik Gümüş Kaplama Salata Kasesi, zarif sofralar ve seçkin sunumlar için tasarlanmış premium bir servis ürünüdür. Geniş iç hacmi sayesinde salata, meyve, atıştırmalık ve özel sunum ürünleri için estetik ve fonksiyonel kullanım sağlar. Şık tasarımıyla modern ve klasik dekorasyonlara uyum sağlayan bu özel kase; oteller, restoranlar için prestijli bir tamamlayıcıdır.",https://www.laledevri.com.tr/shop/venedik-salata-kasesi/,https://emiryildizworks.github.io/laledevri-catalog-images/img-0015.jpg,in stock,11524.00 TRY,,Lale Devri,new,3498,Venice > Glassware and Bowls,no,,,Silver Plated,,
GVn05,Venedik Peçete Halkası,"Venedik peçete halkası, sofralarınıza zarif ve klasik bir dokunuş katmak için tasarlanmış özel bir masa aksesuarıdır. İnce işçiliği ve gümüş kaplama yüzeyi sayesinde hem günlük kullanımda hem de özel davetlerde sofralarınıza şıklık kazandırır.",https://www.laledevri.com.tr/shop/venedik-pecete-halkasi/,https://emiryildizworks.github.io/laledevri-catalog-images/img-0055.jpg,in stock,709.50 TRY,,Lale Devri,new,6324,Venice > Napkin Holders,no,,,Silver Plated,,
GV02,Vektörel Peçete Halkası,"Vektörel gümüş kaplama peçete halkası, modern ve estetik tasarımıyla sofralarınıza şık bir dokunuş kazandıran dekoratif bir masa aksesuarıdır. Şık ve minimalist tasarımıyla hem modern hem de klasik masa düzenleriyle uyum sağlar.",https://www.laledevri.com.tr/shop/vektorel-pecete-halkasi/,https://emiryildizworks.github.io/laledevri-catalog-images/img-0141.jpg,in stock,1612.50 TRY,,Lale Devri,new,6324,Vektorel > Napkin Holders,no,,,Silver Plated,,
G24,Minimal Dikdörtgen Çiçeklik,Minimal koleksiyonundan Dikdörtgen Çiçeklik ile sofralarınızda Lale Devri’ni yaşayın.,https://www.laledevri.com.tr/shop/minimal-dikdortgen-ciceklik/,https://emiryildizworks.github.io/laledevri-catalog-images/img-0140.png,in stock,18533.00 TRY,,Lale Devri,new,602,Minimal > Vases,no,,,Silver Plated,,
G23,Minimal Chanel Çiçeklik,Minimal koleksiyonundan Chanel Çiçeklik ile sofralarınızda Lale Devri’ni yaşayın.,https://www.laledevri.com.tr/shop/minimal-chanel-ciceklik/,https://emiryildizworks.github.io/laledevri-catalog-images/img-0158.jpg,in stock,9460.00 TRY,,Lale Devri,new,602,Minimal > Vases,no,,,Silver Plated,,
wc-1523,Minimal Ayaklı Servis,"Minimal koleksiyonundan Ayaklı Servis ile sofralarınızda Lale Devri’ni yaşayın. Ürün Ölçüler Yükseklik: 13 – 18,5 cm Uzunluk: 18 – 23 cm Ağırlık: 332 – 542 cm",https://www.laledevri.com.tr/shop/minimal-ayakli-servis/,https://emiryildizworks.github.io/laledevri-catalog-images/img-0139.png,in stock,8062.50 TRY,,Lale Devri,new,3802,Minimal > Serving Plates,no,,,Silver Plated,,
GMRD3,Meridyen Vazo,Meridyen koleksiyonundan Vazo ile sofralarınızda Lale Devri’ni yaşayın.,https://www.laledevri.com.tr/shop/meridyen-vazo/,https://emiryildizworks.github.io/laledevri-catalog-images/img-0138.jpg,in stock,9417.00 TRY,,Lale Devri,new,602,Meridyen > Vases,no,,,Silver Plated,,
GKS7,Kösem Kabartmalı Bardak,Kösem koleksiyonundan Kabartmalı Bardak ile sofralarınızda Lale Devri’ni yaşayın.,https://www.laledevri.com.tr/shop/kosem-kabartmali-bardak/,https://emiryildizworks.github.io/laledevri-catalog-images/img-0137.jpg,in stock,4214.00 TRY,,Lale Devri,new,3498,Kosem > Glassware and Bowls,no,,,Silver Plated,,
GKN15,Kanuni Mini Lokumluk,"Kanuni koleksiyonundan Mini Lokumluk ile sofralarınıza zerafet katın. Ürün Ölçüler Yükseklik: 2,5 cm Çap: 6 cm Ağırlık: 47-50 gr",https://www.laledevri.com.tr/shop/kanuni-mini-lokumluk/,https://emiryildizworks.github.io/laledevri-catalog-images/img-0136.jpg,in stock,1677.00 TRY,,Lale Devri,new,3498,Kanuni > Glassware and Bowls,no,,,Silver Plated,,
GKN13,Kanuni Grisinilik 16cm,"Klasik ihtişamı modern sunum anlayışıyla buluşturan Kanuni Grisinilik gümüş kaplama kase, seçkin sofralar ve prestijli sunumlar için özel olarak tasarlanmıştır. Zarif formu, detaylı işçiliği ve parlak gümüş kaplama yüzeyi sayesinde bulunduğu ortama sofistike bir atmosfer kazandırır. Kuruyemiş, lokum, çikolata, draje, özel ikramlıklar ve dekoratif sunumlar için ideal olan bu premium kase; oteller, özel davetler, nişan organizasyonları ve lüks masa düzenlerinde şıklığın tamamlayıcı parçası olur. Ürün Ölçüsü: 6x16cm",https://www.laledevri.com.tr/shop/kanuni-grisinilik/,https://emiryildizworks.github.io/laledevri-catalog-images/img-0135.jpg,in stock,6288.75 TRY,,Lale Devri,new,3498,Kanuni > Glassware and Bowls,no,,,Silver Plated,,
GKN10,Kanuni Çiçeklik,Kanuni koleksiyonundan Çiçeklik ile sofralarınıza zerafet katın. Ürün Ölçüler Yükseklik: 15 cm Genişlik: 11 cm Ağırlık: 244 gr,https://www.laledevri.com.tr/shop/kanuni-ciceklik/,https://emiryildizworks.github.io/laledevri-catalog-images/img-0134.jpg,in stock,9417.00 TRY,,Lale Devri,new,602,Kanuni > Vases,no,,,Silver Plated,,
GS42,Safiye Sultan Çift Sıra Halka Peçetelik Gümüş Kaplama,"Safiye Sultan Çift Sıra Halka Peçetelik, sofralarınıza zamansız bir ihtişam kazandırmak için tasarlanmıştır. Zarif gümüş kaplama yüzeyi ve her iki ucunda yer alan ince işçilikli dekoratif desenleriyle dikkat çeken bu özel tasarım, klasik ve modern masa düzenlemeleriyle kusursuz uyum sağlar. Peçeteleri estetik bir şekilde sabitlerken, seçkin davet sofralarında ve özel kutlamalarda dekoratif bir tamamlayıcı olarak öne çıkar. Safiye Sultan Koleksiyonu’nun bu nadide parçası, lüks yaşam tarzını benimseyenler için sofistike bir seçimdir. Ürün Ölçüleri Yükseklik: 4 cm En: 4,5 cm Boy: 3,5 cm Ağırlık: 50 – 52 gr",https://www.laledevri.com.tr/shop/safiye-sultan-cift-sira-halka-pecetelik-gumus-kaplama/,https://emiryildizworks.github.io/laledevri-catalog-images/img-0082.jpg,in stock,1462.00 TRY,,Lale Devri,new,6324,Safiye Sultan > Napkin Holders,no,,,Silver Plated,,
GS41,Safiye Sultan Zarf Peçetelik Gümüş Kaplama,"Safiye Sultan Zarf Peçetelik, şık zarf formu ve göz alıcı gümüş kaplama yüzeyi sayesinde peçete sunumlarını estetik bir detay haline getirirken sofralara prestijli bir görünüm kazandırır. Düğün, nişan, söz, gala daveti, özel yemek organizasyonları ve premium otel sunumlarında sofistike bir atmosfer oluşturur. Ürün Ölçüleri: Yükseklik: 11 cm En: 6 cm Boy: 21 cm Ağırlık: 690 gr",https://www.laledevri.com.tr/shop/safiye-sultan-zarf-pecetelik-gumus-kaplama/,https://emiryildizworks.github.io/laledevri-catalog-images/img-0132.jpg,in stock,12384.00 TRY,,Lale Devri,new,6324,Safiye Sultan > Napkin Holders,no,,,Silver Plated,,
GS46,Safiye Sultan 3’lü Reçellik Seti Gümüş Kaplama,"Safiye Sultan 3’lü Reçellik Seti, reçel, bal, kaymak, lokum veya çeşitli ikramlıkların sunumunda estetik bir görünüm sunarken, dekoratif yapısıyla da yaşam alanlarınıza değer katar. İnce işçilikle üretilen set, özel davetlerde, kahvaltı sofralarında ve hediyelik seçeneklerinde zarafeti ön plana çıkarır. Safiye Sultan Koleksiyonu’nun ayrıcalıklı çizgisini yansıtan bu özel reçellik seti, kalite, estetik ve lüksü bir arada arayan kullanıcılar için tasarlanmıştır. Ürün Ölçüleri: Kase Derinlik: 10 cm Tepsi En: 12 cm Tepsi Boy: 32 cm Tepsi Ağırlık: 355 gr Kase Ağırlık: 300 gr",https://www.laledevri.com.tr/shop/safiye-sultan-3lu-recellik-seti-gumus-kaplama/,https://emiryildizworks.github.io/laledevri-catalog-images/img-0130.jpg,in stock,26208.50 TRY,,Lale Devri,new,3498,Safiye Sultan > Glassware and Bowls,no,,,Silver Plated,,
GS31,Safiye Sultan 3’lü Kahvaltı Servis Gümüş Kaplama,"Sofralarınıza zarafet ve düzen kazandıran Safiye Sultan Kahvaltı Servisi, göz alıcı gümüş kaplama ve üç bölmeli cam haznesiyle şık sunumların vazgeçilmez parçasıdır. Üç ayrı bölmeye ayrılması sayesinde peynir, zeytin, reçel, bal, kuruyemiş, lokum ve çeşitli ikramlıkları aynı anda estetik bir şekilde sunma imkanı sağlar. Özel davetlerde, kahvaltı sofralarında, çay saatlerinde ve misafir ağırlamalarında prestijli bir görünüm sunan bu seçkin servislik, fonksiyonelliği ve estetiği bir araya getirerek sofralarınıza değer katar. Hem günlük kullanım hem de özel günler için ideal bir sunum ürünüdür. Ürün Ölçüleri: Yükseklik: 7 cm En: 29 cm Genişlik: 12 cm Ağırlık: 1740 gr",https://www.laledevri.com.tr/shop/safiye-sultan-3lu-kahvalti-servis-gumus-kaplama/,https://emiryildizworks.github.io/laledevri-catalog-images/img-0129.jpg,in stock,18877.00 TRY,,Lale Devri,new,3802,Safiye Sultan > Serving Plates,no,,,Silver Plated,,
GS22,Safiye Sultan Açık Büfe Gümüş Kaplama,"Safiye Sultan Gümüş Kaplama Açık Büfe, ihtişamı ve işlevselliği bir araya getiren özel bir koleksiyon parçasıdır. Üç ayrı bölmeden oluşan tasarımı sayesinde çeşitli ikramların düzenli ve şık şekilde sunulmasına olanak tanır. Merkezde yer alan zarif taşıma kulbu, hem kullanım kolaylığı sağlar hem de ürüne estetik bir karakter kazandırır. Parlak gümüş kaplama yüzeyi ve ince işçiliği sayesinde davet sofralarında, otel sunumlarında, özel organizasyonlarda ve lüks yaşam alanlarında dikkat çekici bir görünüm oluşturur.",https://www.laledevri.com.tr/shop/safiye-sultan-acik-bufe-gumus-kaplama/,https://emiryildizworks.github.io/laledevri-catalog-images/img-0128.png,in stock,23048.00 TRY,,Lale Devri,new,3498,Safiye Sultan > Glassware and Bowls,no,,,Silver Plated,,
GS17,Safiye Sultan Sürahi Gümüş Kaplama,"Osmanlı’nın ihtişamlı saray kültüründen ilham alınarak tasarlanan Safiye Sultan Gümüş Kaplama Sürahi, estetik ve zarafetin kusursuz uyumunu yansıtır. İnce işçilikle şekillendirilen detayları ve parlak gümüş kaplama yüzeyi sayesinde bulunduğu her ortamda dikkat çekici bir görünüm sunar. Su, şerbet veya özel içecek sunumlarında kullanıma uygun olan bu seçkin tasarım, yalnızca işlevsel bir ürün değil, aynı zamanda dekoratif bir obje niteliğindedir. Misafir ağırlamalarında prestiji ön plana çıkarırken, vitrin ve konsol dekorasyonlarında da sofistike bir atmosfer oluşturur. Özel günlerde sunulabilecek değerli ve prestijli bir hediye alternatifi olarak da öne çıkar. Ürün Ölçüleri: Yükseklik: 25 cm Çap: 10 cm Ağırlık: 670 gr",https://www.laledevri.com.tr/shop/safiye-sultan-surahi-gumus-kaplama/,https://emiryildizworks.github.io/laledevri-catalog-images/img-0127.jpg,in stock,14663.00 TRY,,Lale Devri,new,3330,Safiye Sultan > Carafes,no,,,Silver Plated,,
GS8,Safiye Sultan Çay Tabağı Gümüş Kaplama,"Safiye Sultan Gümüş Kaplama Çay Tabağı, Osmanlı estetiğinin ihtişamını modern yaşam alanlarına taşıyan özel bir tasarımdır. Zarif detaylarla şekillendirilen bu seçkin parça, çay sunumlarına sofistike bir dokunuş kazandırırken dekoratif değeriyle de dikkat çeker. Seçkin hediye alternatifleri arasında öne çıkan bu özel tasarım, kaliteyi, estetiği ve zamansız şıklığı bir arada sunar. Ürün Ölçüleri: Çap: 10 cm Ağırlık: 95 – 98 gr",https://www.laledevri.com.tr/shop/safiye-sultan-cay-tabagi/,https://emiryildizworks.github.io/laledevri-catalog-images/img-0126.jpg,in stock,3139.00 TRY,,Lale Devri,new,6051,Safiye Sultan,no,,,Silver Plated,,
GS6,Safiye Sultan 2 Katlı Servis Gümüş Kaplama,"Safiye Sultan 2 Katlı Servis Gümüş Kaplama, lüks davet sofraları ve seçkin sunumlar için tasarlanmış zarif bir servis aksesuarıdır. Göz alıcı gümüş kaplama yüzeyi ve iki katlı şık tasarımı sayesinde tatlı, ikramlık, pasta, kuru pasta, çikolata ve özel sunumlarda estetik bir görünüm sunar. Ürün Ölçüleri Yükseklik: 28 cm Çap: 31 cm Ağırlık: 980 gr",https://www.laledevri.com.tr/shop/safiye-sultan-2-katli-servis-gumus-kaplama/,https://emiryildizworks.github.io/laledevri-catalog-images/img-0125.jpg,in stock,42763.50 TRY,,Lale Devri,new,3802,Safiye Sultan > Serving Plates,no,,,Silver Plated,,
GS5,Safiye Sultan Ayaklı Pasta Servis Gümüş Kaplama,"Safiye Sultan Gümüş Kaplama Ayaklı Pasta, lüks davet sofraları ve prestijli sunumlar için tasarlanmış zarif bir servis ürünüdür. Göz alıcı gümüş kaplama yüzeyi ve şık ayaklı tasarımı sayesinde pasta, tatlı, butik pastacılık ürünleri ve özel ikram sunumlarında sofistike bir görünüm oluşturur. Düğün, nişan, söz, doğum günü organizasyonları, gala davetleri, otel sunumları ve premium etkinlik konseptlerinde ihtişamlı bir atmosfer yaratır. Ürün Ölçüleri Yükseklik: 16 cm Çap: 31 cm Ağırlık: 1.065 gr",https://www.laledevri.com.tr/shop/safiye-sultan-ayakli-pasta-servis-gumus-kaplama/,https://emiryildizworks.github.io/laledevri-catalog-images/img-0124.jpg,in stock,23048.00 TRY,,Lale Devri,new,3802,Safiye Sultan > Serving Plates,no,,,Silver Plated,,
GS4,Safiye Sultan Kase Gümüş Kaplama,"Safiye Sultan Gümüş Kaplama Kase, Osmanlı’nın ihtişamlı mirasından esinlenerek tasarlanmış özel bir koleksiyon parçasıdır. Zarif formu ve dikkat çekici işçiliği sayesinde dekoratif bir kasedir. Parlak gümüş kaplama yüzeyi ışığı kusursuz şekilde yansıtırken, estetik detayları bulunduğu ortama sofistike bir atmosfer kazandırır. Özel günlerde ikram sunumlarında kullanılabileceği gibi, konsol, vitrin veya masa dekorasyonuna lüks bir dokunuş katar. Ürün Ölçüleri Çap: 13 cm Yükseklik: 5 cm Ağırlık: 176 gr",https://www.laledevri.com.tr/shop/safiye-sultan-kase-gumus-kaplama/,https://emiryildizworks.github.io/laledevri-catalog-images/img-0123.png,in stock,4192.50 TRY,,Lale Devri,new,3498,Safiye Sultan > Glassware and Bowls,no,,,Silver Plated,,
GS1,Safiye Sultan Supla 32cm Gümüş Kaplama,"Safiye Sultan Supla, şık detayları sayesinde porselen yemek takımları, kristal aksesuarlar ile kusursuz uyum sağlar. Zarafeti ve ihtişamı aynı sofrada buluşturan özel tasarım bir sunum aksesuarıdır. Düğün, nişan, gala daveti, özel organizasyon ve lüks otel sunumlarında göz alıcı bir tamamlayıcı olarak öne çıkar. Ürün Ölçüleri: Çap: 32cm",https://www.laledevri.com.tr/shop/safiye-sultan-supla-32cm-gumus-kaplama/,https://emiryildizworks.github.io/laledevri-catalog-images/img-0122.jpg,in stock,20962.50 TRY,,Lale Devri,new,3553,Safiye Sultan > Charger Presentation Plate,no,,,Silver Plated,,
CY02A,Heybeli Yonca Kulplu Çay Bardağı,"Heybeli Yonca koleksiyonundan Kulplu Çay Bardağı. Ürün Ölçüleri Yükseklik: 9 cm Çap: 5,5 cm Ağırlık: 104 gr Hacim: 132 cc",https://www.laledevri.com.tr/shop/heybeli-yonca-kulplu-cay-bardagi/,https://emiryildizworks.github.io/laledevri-catalog-images/img-0121.jpg,in stock,5074.00 TRY,,Lale Devri,new,6049,Yonca > Tea Cup,no,,,Glass,,
CY08A,Yonca Kulplu Kahve Su Bardağı Altın,Yonca koleksiyonundan Kulplu Kahve Su Bardağı Altın. Ürün Ölçüleri Yükseklik: 10 cm Çap: 5 cm Ağırlık: 191 gr Hacim: 100 cc,https://www.laledevri.com.tr/shop/yonca-kulplu-kahve-su-bardagi-altin/,https://emiryildizworks.github.io/laledevri-catalog-images/img-0120.jpg,in stock,4773.00 TRY,,Lale Devri,new,2951,Yonca > Coffee Water Glass,no,,,Glass,Gold,
CP03,Saray Çay Tabağı,Saray koleksiyonundan çok özel bir ürün Saray Çay Tabağı. Ürün Ölçüleri Çap: 11 cm Ağırlık: 93 gr,https://www.laledevri.com.tr/shop/saray-cay-tabagi/,https://emiryildizworks.github.io/laledevri-catalog-images/img-0118.jpg,in stock,4515.00 TRY,,Lale Devri,new,6051,Saray > Tea Saucer,no,,,Glass,,
CK09,Kelebek Rakı Bardağı,"Kelebek koleksiyonundan Rakı Bardağı. Ürün Ölçüleri Yükseklik: 11,5 cm Çap: 4,5 cm Ağırlık: 186 gr Hacim: 140 cc",https://www.laledevri.com.tr/shop/kelebek-raki-bardagi/,https://emiryildizworks.github.io/laledevri-catalog-images/img-0117.jpg,in stock,1462.00 TRY,,Lale Devri,new,2951,Kelebek > Raki Glass,no,,,Glass,,
CK03,Kelebek Mırra,Kelebek koleksiyonundan Mırra. Altın ve Platin seçeneği ile sofralarınıza şıklık katın. Ürün Ölçüleri Yükseklik: 5 cm Çap: 6 cm Ağırlık: 44 gr Hacim: 45 cc,https://www.laledevri.com.tr/shop/kelebek-mirra/,https://emiryildizworks.github.io/laledevri-catalog-images/img-0116.jpg,in stock,1462.00 TRY,,Lale Devri,new,6049,Kelebek > Mirra,no,,,Glass,,
CO2,Okyanus Deniz Yıldızı Çay Bardağı,"Okyanus Deniz Yıldızı koleksiyonu Çay Bardağı, en güzel manzaralar eşliğinde çayını yudumlamak isteyenlere özel tasarlandı. Ürün Ölçüleri Yükseklik: 8 cm Çap: 6 cm Ağırlık: 103 gr Hacim: 120 cc",https://www.laledevri.com.tr/shop/okyanus-deniz-yildizi-cay-bardagi/,https://emiryildizworks.github.io/laledevri-catalog-images/img-0115.jpg,in stock,4214.00 TRY,,Lale Devri,new,6049,Okyanus > Tea Cup,no,,,Glass,,
CI08,İpekyolu Kahve Su Bardağı,"En özel anlarınıza eşlik edecek bir ürün; İpekyolu serisi Kahve Su Bardağı sofralarınızda yerini almaya hazır. Ürün Ölçüleri Yükseklik: 9 cm Çap: 4,5 cm Ağırlık: 158 gr Hacim: 85 cc",https://www.laledevri.com.tr/shop/ipekyolu-kahve-su-bardagi/,https://emiryildizworks.github.io/laledevri-catalog-images/img-0114.jpg,in stock,3053.00 TRY,,Lale Devri,new,2951,ipekyolu > Coffee Water Glass,no,,,Glass,,
CI23,İpekyolu Şampanya Kadehi,"En özel anlarınıza eşlik edecek bir ürün; İpekyolu serisi Şampanya Kadehi sofralarınızda yerini almaya hazır. Ürün Ölçüleri Yükseklik: 24 cm Çap: 4,5 cm Ağırlık: 170 gr",https://www.laledevri.com.tr/shop/ipekyolu-sampanya-kadehi/,https://emiryildizworks.github.io/laledevri-catalog-images/img-0113.jpg,in stock,7095.00 TRY,,Lale Devri,new,2712,ipekyolu > Champagne Glass,no,,,Glass,,
Cİ16,İpekyolu Rakı Bardağı,"En özel anlarınıza eşlik edecek bir ürün; İpekyolu serisi Rakı Bardağı. Platin seçeneği ile sofralarınızda yerini almaya hazır. Ürün Ölçüleri Yükseklik: 11,5 cm Çap: 4,5 cm Ağırlık: 186 gr Hacim: 140 cc",https://www.laledevri.com.tr/shop/ipekyolu-raki-bardagi/,https://emiryildizworks.github.io/laledevri-catalog-images/img-0112.jpg,in stock,4859.00 TRY,,Lale Devri,new,2951,ipekyolu > Raki Glass,no,,,Glass,,
Cİ07,İpekyolu Mırra,İpekyolu Koleksiyonundan İpekyolu Mırra. Ürün Ölçüleri Yükseklik: 5 cm Çap: 6 cm Ağırlık: 44 gr Hacim: 45 cc,https://www.laledevri.com.tr/shop/ipekyolu-mirra/,https://emiryildizworks.github.io/laledevri-catalog-images/img-0111.jpg,in stock,2408.00 TRY,,Lale Devri,new,6049,ipekyolu > Mirra,no,,,Glass,,
CG13,Gülizar Votka Bardağı,Gülizar koleksiyonundan nadide bir ürün Gülizar Votka Bardağı. Sofralarınıza şıklık katın. Ürün Ölçüleri Yükseklik: 14 cm Çap: 5 cm Ağırlık: 155 gr Hacim: 115 cc,https://www.laledevri.com.tr/shop/gulizar-votka-bardagi/,https://emiryildizworks.github.io/laledevri-catalog-images/img-0110.jpg,in stock,4687.00 TRY,,Lale Devri,new,2951,Gulizar > Vodka Glass,no,,,Glass,,
CG07,Gülizar Meşrubat Bardağı,"Gülizar koleksiyonundan nadide bir ürün Gülizar Meşrubat Bardağı. Sofralarınıza şıklık katın. Ürün Ölçüleri Yükseklik: 15 cm Çap: 6,5 cm Ağırlık: 330 gr Hacim: 293 cc",https://www.laledevri.com.tr/shop/gulizar-mesrubat-bardagi/,https://emiryildizworks.github.io/laledevri-catalog-images/img-0109.jpg,in stock,8084.00 TRY,,Lale Devri,new,2951,Gulizar > Soft Drink Glass,no,,,Glass,,
CG06,Gülizar Rakı Bardağı,"Gülizar koleksiyonundan nadide bir ürün Gülizar Rakı Bardağı. Sofralarınıza şıklık katın. Ürün Ölçüleri Yükseklik: 11,5 cm Çap: 4,5 cm Ağırlık: 186 gr Hacim: 140 cc",https://www.laledevri.com.tr/shop/gulizar-raki-bardagi/,https://emiryildizworks.github.io/laledevri-catalog-images/img-0108.jpg,in stock,4859.00 TRY,,Lale Devri,new,2951,Gulizar > Raki Glass,no,,,Glass,,
CG09,Gülizar Kahve Su Bardağı,"Gülizar koleksiyonundan nadide bir ürün Gülizar Kahve Su Bardağı. Sofralarınıza şıklık katın. Ürün Ölçüleri Yükseklik: 9 cm Çap: 4,5 cm Ağırlık: 158 gr Hacim: 85 cc",https://www.laledevri.com.tr/shop/gulizar-kahve-su-bardagi/,https://emiryildizworks.github.io/laledevri-catalog-images/img-0107.jpg,in stock,3053.00 TRY,,Lale Devri,new,2951,Gulizar > Coffee Water Glass,no,,,Glass,,
CG05,Gülizar Mırra,Gülizar koleksiyonundan nadide bir ürün Gülizar Mırra. Sofralarınıza şıklık katın. Ürün Ölçüleri Yükseklik: 5 cm Çap: 6 cm Ağırlık: 47 gr Hacim: 45 cc,https://www.laledevri.com.tr/shop/gulizar-mirra/,https://emiryildizworks.github.io/laledevri-catalog-images/img-0106.jpg,in stock,2408.00 TRY,,Lale Devri,new,6049,Gulizar > Mirra,no,,,Glass,,
CE4,Heybeli Erguvan Çay Tabağı,"Heybeli Erguvan Çay Tabağı, zarif çay sunumlarını tamamlayan estetik ve rafine bir tasarımdır. Cam yüzey üzerine işlenen erguvan çiçekleri, doğanın inceliğini ve İstanbul’un romantik ruhunu sofralarınıza taşır. Heybeli Erguvan Çay Bardağı ile birlikte kullanıldığında, bütüncül ve sofistike bir sunum deneyimi oluşturur. Günlük çay keyiflerinden özel misafir ağırlamalarına kadar her anı daha özel kılar. Ürün Ölçüleri: Çap: 12,5 cm Ağırlık: 123 gr",https://www.laledevri.com.tr/shop/heybeli-erguvan-cay-tabagi/,https://emiryildizworks.github.io/laledevri-catalog-images/img-0092.jpg,in stock,4042.00 TRY,,Lale Devri,new,6051,Erguvan > Tea Saucer,no,,,Glass,,
CE1,Heybeli Erguvan Çay Bardağı,"Heybeli Erguvan Çay Bardağı, zarafet ve doğanın estetik uyumunu sofralarınıza taşıyan özel bir tasarımdır. Cam yüzey üzerine işlenen erguvan çiçekleri, İstanbul’un romantik dokusundan ilham alarak her yudumu görsel bir deneyime dönüştürür. Özenle tasarlanmış erguvan desenleri, günlük kullanımın yanı sıra misafir sunumlarında da sofistike bir atmosfer yaratır. Ürün Ölçüleri Yükseklik: 9 cm Çap: 5,5 cm Ağırlık: 104 gr Hacim: 132 cc",https://www.laledevri.com.tr/shop/heybeli-erguvan-cay-bardagi/,https://emiryildizworks.github.io/laledevri-catalog-images/img-0105.jpg,in stock,4042.00 TRY,,Lale Devri,new,6049,Erguvan > Tea Cup,no,,,Glass,,
CS32,Sitare Şampanya Kadehi,"Kutlamaların yıldız ışıltısı… Sitare Şampanya Kadehi, uzun ve zarif formu ile özel anları daha da parıltılı kılar. Sade — Altın ve Platin seçenekleri ile sunulan seçkin tasarımı, her kadeh kaldırışta şıklığı zirveye taşır. Her kutlamada yıldız gibi parlayan bir dokunuş… ✨ Ürün Ölçüleri Yükseklik: 23 cm Çap: 4,5 cm Ağırlık: 164 gr Hacim: 130 cc",https://www.laledevri.com.tr/shop/sitare-sampanya-kadehi/,https://emiryildizworks.github.io/laledevri-catalog-images/img-0104.jpg,in stock,6450.00 TRY,,Lale Devri,new,2712,Sitare > Champagne Glass,no,,,Glass,,
CS34P,Sitare Platin Meşrubat Bardağı,"Günlük kullanımdan özel sofralara yıldız bir dokunuş… Sitare Meşrubat Bardağı, sade formu ve güçlü duruşuyla her sunuma modern bir şıklık katar. Sade — Altın ve Platin seçenekleri ile sunulan tasarımı, içeceklere ışıltılı bir duruş kazandırır. Her anı değerli kılan yıldız zarafeti… ✨ Ürün Ölçüleri Yükseklik: 15 cm Çap: 6,5 cm Ağırlık: 330 gr Hacim: 293 cc",https://www.laledevri.com.tr/shop/sitare-platin-mesrubat-bardagi/,https://emiryildizworks.github.io/laledevri-catalog-images/img-0103.jpg,in stock,17587.00 TRY,,Lale Devri,new,2951,Sitare > Soft Drink Glass,no,,,Glass,,
CS14,Sitare Mırra,"Gelenekten ilham alan yıldız dokunuşu… Sade — Altın ve Platin seçenekleri ile sunulan tasarımı, güçlü karakteriyle sofralarda yıldız gibi parlayan bir duruş sergiler. Misafir ağırlamanın en özel anları için seçkin bir dokunuş… ✨ Ürün Ölçüleri Yükseklik: 5 cm Çap: 6 cm Ağırlık: 44 gr Hacim: 45 cc",https://www.laledevri.com.tr/shop/sitare-mirra/,https://emiryildizworks.github.io/laledevri-catalog-images/img-0102.jpg,in stock,3569.00 TRY,,Lale Devri,new,6049,Sitare > Mirra,no,,,Glass,,
CM02,Meridyen Votka Bardağı,"Zarif çizgisel dekoru ve kaliteli cam işçiliğiyle tasarlanan Meridyen Votka Bardağı, seçkin sofralara ve özel davetlere sofistike bir dokunuş kazandırır. Her yudumda kaliteyi ve zarafeti hissetmek isteyenler için tasarlanmıştır. Ürün Ölçüleri Yükseklik: 14 cm Çap: 5 cm Ağırlık: 115 gr Hacim: 115 cc",https://www.laledevri.com.tr/shop/meridyen-votka-bardagi/,https://emiryildizworks.github.io/laledevri-catalog-images/img-0101.jpg,in stock,3569.00 TRY,,Lale Devri,new,2951,Meridyen > Vodka Glass,no,,,Glass,,
CM03,Meridyen Kahve Su Bardağı,"Meridyen Kahve Su Bardağı, modern çizgi dekor tasarımıyla sofralarınıza zarif bir dokunuş katıyor. Hem günlük kullanım hem de özel davetler için idealdir. Dayanıklı yapısı ve şık tasarımıyla uzun ömürlü kullanım sunar. Ürün Ölçüleri Yükseklik: 9 cm Çap: 5 cm Ağırlık: 172 gr Hacim: 93 cc",https://www.laledevri.com.tr/shop/meridyen-kahve-su-bardagi/,https://emiryildizworks.github.io/laledevri-catalog-images/img-0100.jpg,in stock,3397.00 TRY,,Lale Devri,new,2951,Meridyen > Coffee Water Glass,no,,,Glass,,
CM01,Meridyen Rakı Bardağı,"Meridyen Rakı Bardağı, zarif çizgi dekor tasarımıyla geleneksel sunumlara modern bir yorum katar. Dayanıklı yapısı sayesinde uzun ömürlü kullanım sunar ve özel davet sofralarının vazgeçilmez tamamlayıcısıdır. Ürün Ölçüleri Yükseklik: 11,5 cm Çap: 4,5 cm Ağırlık: 176 gr Hacim: 133 cc",https://www.laledevri.com.tr/shop/meridyen-raki-bardagi/,https://emiryildizworks.github.io/laledevri-catalog-images/img-0099.jpg,in stock,3483.00 TRY,,Lale Devri,new,2951,Meridyen > Raki Glass,no,,,Glass,,
CM04,Meridyen Meşrubat Bardağı,"Meridyen Meşrubat Bardağı, zarif çizgi dekor tasarımıyla içecek sunumlarınıza modern bir dokunuş katar. Gazlı içecekler, meyve suları ve soğuk içecekler için idealdir. Minimalist çizgi detayları, sofralarınıza estetik bir görünüm kazandırırken dayanıklı yapısı uzun süreli kullanım sağlar. Hem günlük kullanım hem de davet sofraları için şık bir tamamlayıcıdır. Ürün Ölçüleri Yükseklik: 15 cm Çap: 6,5 cm Ağırlık: 367 gr Hacim: 293 cc",https://www.laledevri.com.tr/shop/meridyen-mesrubat-bardagi/,https://emiryildizworks.github.io/laledevri-catalog-images/img-0098.jpg,in stock,3655.00 TRY,,Lale Devri,new,2951,Meridyen > Soft Drink Glass,no,,,Glass,,
